seed,mode,method,scope,model_n,event_genes,connectors,total_nodes,cv_delta_r2,cv_objective,holdout_r2,holdout_delta_r2,holdout_delta_r2_excluding_selected_targets,bootstrap_lower,bootstrap_upper,event_gene_count,random_control_n,random_median,random_q05,random_q95,random_control_percentile,random_empirical_upper_p
20260911,unrestricted,frequency_ppi,kidney_lineage,24,DSP|DST,COL17A1,3,0.0019065884906218056,0.0011565884906218056,-0.02829820056231447,0.0031413369159967175,0.0031936494791557912,0.0011509010709708646,0.005152443633372601,2,200,0.002646234550870208,-0.0024203241324266766,0.00836279652298506,,
20260911,unrestricted,frequency_ppi,rcc,20,DSP|DST,COL17A1,3,0.0019065884906218056,0.0011565884906218056,-0.03581569981035981,0.003628427884621699,0.0036889729966278484,0.0013735437365287634,0.006010121878335666,2,200,0.002646234550870208,-0.0024203241324266766,0.00836279652298506,,
20260911,unrestricted,frequency_ppi,ccrcc,12,DSP|DST,COL17A1,3,0.0019065884906218056,0.0011565884906218056,-0.03577553630839092,0.004515953368473102,0.004629165280965797,0.0004727558662933313,0.008307739540452016,2,200,0.002646234550870208,-0.0024203241324266766,0.00836279652298506,0.7,0.30845771144278605
20260911,unrestricted,static_cv_ppi,kidney_lineage,24,ATM|LAMA4|SMARCA4|TP53,,4,0.0050731604804977294,0.004073160480497729,-0.01972439388361691,0.011715143594694277,0.007563239613874062,0.005737135907379018,0.017829096257196458,4,59,0.010834182947170312,0.0011239116885176648,0.01603628606822618,,
20260911,unrestricted,static_cv_ppi,rcc,20,ATM|LAMA4|SMARCA4|TP53,,4,0.0050731604804977294,0.004073160480497729,-0.02818127013489602,0.011262857560085493,0.006742445786574569,0.004184069703628779,0.017884403727720693,4,59,0.010834182947170312,0.0011239116885176648,0.01603628606822618,,
20260911,unrestricted,static_cv_ppi,ccrcc,12,ATM|LAMA4|SMARCA4|TP53,,4,0.0050731604804977294,0.004073160480497729,-0.030794994706005774,0.009496494970858249,0.0062333890171242246,0.0013209485583171386,0.018762073279061136,4,59,0.010834182947170312,0.0011239116885176648,0.01603628606822618,0.3728813559322034,0.65
20260911,unrestricted,greedy_ppi,kidney_lineage,24,ANKRD11|ATM|LAMA4|SMARCA4|TP53,HDAC3,6,0.005586798531983398,0.004086798531983397,-0.02005013692854729,0.011389400549763895,0.0072017982309309225,0.005574822453865386,0.017322332355119947,5,200,0.00995182363122804,0.002033398184696622,0.01565149717666408,,
20260911,unrestricted,greedy_ppi,rcc,20,ANKRD11|ATM|LAMA4|SMARCA4|TP53,HDAC3,6,0.005586798531983398,0.004086798531983397,-0.0283207924680573,0.011123335226924214,0.006496435282096424,0.00405510924275178,0.01811789674708899,5,200,0.00995182363122804,0.002033398184696622,0.01565149717666408,,
20260911,unrestricted,greedy_ppi,ccrcc,12,ANKRD11|ATM|LAMA4|SMARCA4|TP53,HDAC3,6,0.005586798531983398,0.004086798531983397,-0.03180422979674735,0.008487259880116671,0.004998240563459655,0.001305448185983763,0.01632934144049789,5,200,0.00995182363122804,0.002033398184696622,0.01565149717666408,0.34,0.6616915422885572
20260911,unrestricted,beam_ppi,kidney_lineage,24,ANKRD11|ATM|LAMA4|SMARCA4|TP53,HDAC3,6,0.005586798531983398,0.004086798531983397,-0.02005013692854729,0.011389400549763895,0.0072017982309309225,0.0053171473191416406,0.0173162545791358,5,200,0.00995182363122804,0.002033398184696622,0.01565149717666408,,
20260911,unrestricted,beam_ppi,rcc,20,ANKRD11|ATM|LAMA4|SMARCA4|TP53,HDAC3,6,0.005586798531983398,0.004086798531983397,-0.0283207924680573,0.011123335226924214,0.006496435282096424,0.003658206267093702,0.01853352127116017,5,200,0.00995182363122804,0.002033398184696622,0.01565149717666408,,
20260911,unrestricted,beam_ppi,ccrcc,12,ANKRD11|ATM|LAMA4|SMARCA4|TP53,HDAC3,6,0.005586798531983398,0.004086798531983397,-0.03180422979674735,0.008487259880116671,0.004998240563459655,0.001097995040476274,0.01627548303099518,5,200,0.00995182363122804,0.002033398184696622,0.01565149717666408,0.34,0.6616915422885572
20260911,tln1_seeded,frequency_ppi,kidney_lineage,24,TLN1,,1,0.0005735329432319173,0.00032353294323191734,-0.028719846345934164,0.0027196911323770223,0.002546127015033761,0.0008980489589564083,0.004916530509623954,1,1,0.003880697291189117,0.003880697291189117,0.003880697291189117,,
20260911,tln1_seeded,frequency_ppi,rcc,20,TLN1,,1,0.0005735329432319173,0.00032353294323191734,-0.03660230326842884,0.002841824426552675,0.0026432996908072326,0.0006987146944988334,0.005589704104078015,1,1,0.003880697291189117,0.003880697291189117,0.003880697291189117,,
20260911,tln1_seeded,frequency_ppi,ccrcc,12,TLN1,,1,0.0005735329432319173,0.00032353294323191734,-0.036410792385674906,0.003880697291189117,0.0036166460366791053,0.0007324693247370318,0.008094011969815797,1,1,0.003880697291189117,0.003880697291189117,0.003880697291189117,1.0,
20260911,tln1_seeded,static_cv_ppi,kidney_lineage,24,AJUBA|CTNNA1|DSC3|DSP|TLN1,JUP|PKD1,7,0.0035655309152179075,0.0018155309152179074,-0.021892473447965077,0.009547064030346109,0.008845399213638139,0.005789535668713618,0.013653214314888742,5,200,0.008050386400065057,0.003782373808468842,0.014849850034252394,,
20260911,tln1_seeded,static_cv_ppi,rcc,20,AJUBA|CTNNA1|DSC3|DSP|TLN1,JUP|PKD1,7,0.0035655309152179075,0.0018155309152179074,-0.030419794599654937,0.009024333095326575,0.008333463371120953,0.004305566650197875,0.013804212890432101,5,200,0.008050386400065057,0.003782373808468842,0.014849850034252394,,
20260911,tln1_seeded,static_cv_ppi,ccrcc,12,AJUBA|CTNNA1|DSC3|DSP|TLN1,JUP|PKD1,7,0.0035655309152179075,0.0018155309152179074,-0.027036829791591055,0.013254659885272968,0.012300018424130199,0.006442201165783395,0.020642658752916355,5,200,0.008050386400065057,0.003782373808468842,0.014849850034252394,0.915,0.08955223880597014
20260911,tln1_seeded,greedy_ppi,kidney_lineage,24,TLN1,,1,0.0005735329432319173,0.00032353294323191734,-0.028719846345934164,0.0027196911323770223,0.002546127015033761,0.0009503426508889514,0.004953867047227384,1,1,0.003880697291189117,0.003880697291189117,0.003880697291189117,,
20260911,tln1_seeded,greedy_ppi,rcc,20,TLN1,,1,0.0005735329432319173,0.00032353294323191734,-0.03660230326842884,0.002841824426552675,0.0026432996908072326,0.0006718922986035344,0.005739210330191707,1,1,0.003880697291189117,0.003880697291189117,0.003880697291189117,,
20260911,tln1_seeded,greedy_ppi,ccrcc,12,TLN1,,1,0.0005735329432319173,0.00032353294323191734,-0.036410792385674906,0.003880697291189117,0.0036166460366791053,0.0006833298113871232,0.008420121460786837,1,1,0.003880697291189117,0.003880697291189117,0.003880697291189117,1.0,
20260911,tln1_seeded,beam_ppi,kidney_lineage,24,AJUBA|CTNNA1|DSC3|TLN1|TP53,CHUK|CTNNB1|PKD1,8,0.005522463424863318,0.003522463424863318,-0.012450655467659999,0.018988882010651187,0.01513445204205488,0.012788604573543638,0.025670022148375878,5,200,0.006839241833692333,0.0013492038413469478,0.012943445004580485,,
20260911,tln1_seeded,beam_ppi,rcc,20,AJUBA|CTNNA1|DSC3|TLN1|TP53,CHUK|CTNNB1|PKD1,8,0.005522463424863318,0.003522463424863318,-0.0213399068235276,0.018104220871453913,0.014209463324155847,0.010709983676628246,0.02613594146105391,5,200,0.006839241833692333,0.0013492038413469478,0.012943445004580485,,
20260911,tln1_seeded,beam_ppi,ccrcc,12,AJUBA|CTNNA1|DSC3|TLN1|TP53,CHUK|CTNNB1|PKD1,8,0.005522463424863318,0.003522463424863318,-0.021263879823891996,0.019027609852972027,0.015385150726524799,0.008137222108531546,0.03004646554964808,5,200,0.006839241833692333,0.0013492038413469478,0.012943445004580485,0.99,0.014925373134328358
20260912,unrestricted,frequency_ppi,kidney_lineage,24,DSP|DST,COL17A1,3,0.0016285119116082178,0.0008785119116082177,-0.02829820056231447,0.0031413369159967175,0.0031936494791557912,0.0012593557612490575,0.005155559734374046,2,200,0.002646234550870208,-0.0024203241324266766,0.00836279652298506,,
20260912,unrestricted,frequency_ppi,rcc,20,DSP|DST,COL17A1,3,0.0016285119116082178,0.0008785119116082177,-0.03581569981035981,0.003628427884621699,0.0036889729966278484,0.0013753584684129668,0.006003139393944032,2,200,0.002646234550870208,-0.0024203241324266766,0.00836279652298506,,
20260912,unrestricted,frequency_ppi,ccrcc,12,DSP|DST,COL17A1,3,0.0016285119116082178,0.0008785119116082177,-0.03577553630839092,0.004515953368473102,0.004629165280965797,0.0005286822235090671,0.00821129993304884,2,200,0.002646234550870208,-0.0024203241324266766,0.00836279652298506,0.7,0.30845771144278605
20260912,unrestricted,static_cv_ppi,kidney_lineage,24,FBN1|LAMC2|THBS1,COL7A1|DCN,5,0.005182200870038618,0.003932200870038618,-0.023922838841889726,0.007516698636421459,0.007702828853146659,0.00255337311370151,0.011727249688632906,3,200,0.003879359645598157,-0.0025402081454202973,0.011122653493324126,,
20260912,unrestricted,static_cv_ppi,rcc,20,FBN1|LAMC2|THBS1,COL7A1|DCN,5,0.005182200870038618,0.003932200870038618,-0.03351106438578477,0.00593306330919674,0.006216909832655881,-0.00028358743941572594,0.011064410820766278,3,200,0.003879359645598157,-0.0025402081454202973,0.011122653493324126,,
20260912,unrestricted,static_cv_ppi,ccrcc,12,FBN1|LAMC2|THBS1,COL7A1|DCN,5,0.005182200870038618,0.003932200870038618,-0.028315787649525914,0.011975702027338109,0.012096434918343224,0.0038345638260940474,0.018461075045038015,3,200,0.003879359645598157,-0.0025402081454202973,0.011122653493324126,0.965,0.03980099502487562
20260912,unrestricted,greedy_ppi,kidney_lineage,24,FBN1|LAMC2|THBS1,COL7A1|DCN,5,0.005182200870038618,0.003932200870038618,-0.023922838841889726,0.007516698636421459,0.007702828853146659,0.0027379449269648265,0.012098210209703818,3,200,0.003879359645598157,-0.0025402081454202973,0.011122653493324126,,
20260912,unrestricted,greedy_ppi,rcc,20,FBN1|LAMC2|THBS1,COL7A1|DCN,5,0.005182200870038618,0.003932200870038618,-0.03351106438578477,0.00593306330919674,0.006216909832655881,-0.00024209808488158947,0.010920510783588253,3,200,0.003879359645598157,-0.0025402081454202973,0.011122653493324126,,
20260912,unrestricted,greedy_ppi,ccrcc,12,FBN1|LAMC2|THBS1,COL7A1|DCN,5,0.005182200870038618,0.003932200870038618,-0.028315787649525914,0.011975702027338109,0.012096434918343224,0.0033620298851470614,0.01885847904884582,3,200,0.003879359645598157,-0.0025402081454202973,0.011122653493324126,0.965,0.03980099502487562
20260912,unrestricted,beam_ppi,kidney_lineage,24,FBN1|LAMC2|THBS1,COL7A1|DCN,5,0.005182200870038618,0.003932200870038618,-0.023922838841889726,0.007516698636421459,0.007702828853146659,0.0024386162569767387,0.012105656790481494,3,200,0.003879359645598157,-0.0025402081454202973,0.011122653493324126,,
20260912,unrestricted,beam_ppi,rcc,20,FBN1|LAMC2|THBS1,COL7A1|DCN,5,0.005182200870038618,0.003932200870038618,-0.03351106438578477,0.00593306330919674,0.006216909832655881,-0.00024373931509725702,0.011053037609597655,3,200,0.003879359645598157,-0.0025402081454202973,0.011122653493324126,,
20260912,unrestricted,beam_ppi,ccrcc,12,FBN1|LAMC2|THBS1,COL7A1|DCN,5,0.005182200870038618,0.003932200870038618,-0.028315787649525914,0.011975702027338109,0.012096434918343224,0.003919557640954905,0.018620411593426277,3,200,0.003879359645598157,-0.0025402081454202973,0.011122653493324126,0.965,0.03980099502487562
20260912,tln1_seeded,frequency_ppi,kidney_lineage,24,TLN1,,1,0.000717551254547884,0.00046755125454788404,-0.028719846345934164,0.0027196911323770223,0.002546127015033761,0.0009227980296365457,0.004933943869165987,1,1,0.003880697291189117,0.003880697291189117,0.003880697291189117,,
20260912,tln1_seeded,frequency_ppi,rcc,20,TLN1,,1,0.000717551254547884,0.00046755125454788404,-0.03660230326842884,0.002841824426552675,0.0026432996908072326,0.0007102654125879015,0.005517416075703837,1,1,0.003880697291189117,0.003880697291189117,0.003880697291189117,,
20260912,tln1_seeded,frequency_ppi,ccrcc,12,TLN1,,1,0.000717551254547884,0.00046755125454788404,-0.036410792385674906,0.003880697291189117,0.0036166460366791053,0.0006929106381342236,0.008173625142750102,1,1,0.003880697291189117,0.003880697291189117,0.003880697291189117,1.0,
20260912,tln1_seeded,static_cv_ppi,kidney_lineage,24,AJUBA|CTNNA1|DSC3|TLN1|TP53,CHUK|CTNNB1|PKD1,8,0.005750415526952341,0.003750415526952341,-0.012450655467659999,0.018988882010651187,0.01513445204205488,0.01270812032730932,0.025714255416608406,5,200,0.006839241833692333,0.0013492038413469478,0.012943445004580485,,
20260912,tln1_seeded,static_cv_ppi,rcc,20,AJUBA|CTNNA1|DSC3|TLN1|TP53,CHUK|CTNNB1|PKD1,8,0.005750415526952341,0.003750415526952341,-0.0213399068235276,0.018104220871453913,0.014209463324155847,0.010917516929757032,0.025600252054959183,5,200,0.006839241833692333,0.0013492038413469478,0.012943445004580485,,
20260912,tln1_seeded,static_cv_ppi,ccrcc,12,AJUBA|CTNNA1|DSC3|TLN1|TP53,CHUK|CTNNB1|PKD1,8,0.005750415526952341,0.003750415526952341,-0.021263879823891996,0.019027609852972027,0.015385150726524799,0.008585307628354057,0.029276177326849652,5,200,0.006839241833692333,0.0013492038413469478,0.012943445004580485,0.99,0.014925373134328358
20260912,tln1_seeded,greedy_ppi,kidney_lineage,24,AJUBA|CTNNA1|DSC3|TLN1|TP53,CHUK|CTNNB1|PKD1,8,0.005750415526952341,0.003750415526952341,-0.012450655467659999,0.018988882010651187,0.01513445204205488,0.012975641230090198,0.025341370096655148,5,200,0.006839241833692333,0.0013492038413469478,0.012943445004580485,,
20260912,tln1_seeded,greedy_ppi,rcc,20,AJUBA|CTNNA1|DSC3|TLN1|TP53,CHUK|CTNNB1|PKD1,8,0.005750415526952341,0.003750415526952341,-0.0213399068235276,0.018104220871453913,0.014209463324155847,0.010776984506214622,0.025367517117506278,5,200,0.006839241833692333,0.0013492038413469478,0.012943445004580485,,
20260912,tln1_seeded,greedy_ppi,ccrcc,12,AJUBA|CTNNA1|DSC3|TLN1|TP53,CHUK|CTNNB1|PKD1,8,0.005750415526952341,0.003750415526952341,-0.021263879823891996,0.019027609852972027,0.015385150726524799,0.008622585479007407,0.028960122118011754,5,200,0.006839241833692333,0.0013492038413469478,0.012943445004580485,0.99,0.014925373134328358
20260912,tln1_seeded,beam_ppi,kidney_lineage,24,AJUBA|CTNNA1|DSC3|TLN1|TP53,CHUK|CTNNB1|PKD1,8,0.005750415526952341,0.003750415526952341,-0.012450655467659999,0.018988882010651187,0.01513445204205488,0.012392748015030207,0.025699887649879526,5,200,0.006839241833692333,0.0013492038413469478,0.012943445004580485,,
20260912,tln1_seeded,beam_ppi,rcc,20,AJUBA|CTNNA1|DSC3|TLN1|TP53,CHUK|CTNNB1|PKD1,8,0.005750415526952341,0.003750415526952341,-0.0213399068235276,0.018104220871453913,0.014209463324155847,0.010822171040397949,0.025738899905352042,5,200,0.006839241833692333,0.0013492038413469478,0.012943445004580485,,
20260912,tln1_seeded,beam_ppi,ccrcc,12,AJUBA|CTNNA1|DSC3|TLN1|TP53,CHUK|CTNNB1|PKD1,8,0.005750415526952341,0.003750415526952341,-0.021263879823891996,0.019027609852972027,0.015385150726524799,0.00840053296380523,0.029111184637411712,5,200,0.006839241833692333,0.0013492038413469478,0.012943445004580485,0.99,0.014925373134328358
20260913,unrestricted,frequency_ppi,kidney_lineage,24,DSP|DST,COL17A1,3,0.0020741082277896663,0.0013241082277896663,-0.02829820056231447,0.0031413369159967175,0.0031936494791557912,0.001189001932703424,0.005085191755898222,2,200,0.002646234550870208,-0.0024203241324266766,0.00836279652298506,,
20260913,unrestricted,frequency_ppi,rcc,20,DSP|DST,COL17A1,3,0.0020741082277896663,0.0013241082277896663,-0.03581569981035981,0.003628427884621699,0.0036889729966278484,0.0013502104599891708,0.005925080712738718,2,200,0.002646234550870208,-0.0024203241324266766,0.00836279652298506,,
20260913,unrestricted,frequency_ppi,ccrcc,12,DSP|DST,COL17A1,3,0.0020741082277896663,0.0013241082277896663,-0.03577553630839092,0.004515953368473102,0.004629165280965797,0.0007399992458496231,0.008259230489510968,2,200,0.002646234550870208,-0.0024203241324266766,0.00836279652298506,0.7,0.30845771144278605
20260913,unrestricted,static_cv_ppi,kidney_lineage,24,ARID1A|ATM|LAMA4|MECOM|SMARCA4|TP53,CREBBP,7,0.005621671912402283,0.003871671912402283,-0.01932559354218255,0.012113943936128635,0.007849474686216995,0.005633014044376507,0.018831336653252807,6,200,0.010584614642175416,0.0019015827639686348,0.017541951756957427,,
20260913,unrestricted,static_cv_ppi,rcc,20,ARID1A|ATM|LAMA4|MECOM|SMARCA4|TP53,CREBBP,7,0.005621671912402283,0.003871671912402283,-0.028186558369989845,0.011257569324991668,0.006558333454002696,0.0035717390755300687,0.018887241374865187,6,200,0.010584614642175416,0.0019015827639686348,0.017541951756957427,,
20260913,unrestricted,static_cv_ppi,ccrcc,12,ARID1A|ATM|LAMA4|MECOM|SMARCA4|TP53,CREBBP,7,0.005621671912402283,0.003871671912402283,-0.02944389580376705,0.010847593873096972,0.00775273506564389,0.0021039213259869093,0.020103931985645754,6,200,0.010584614642175416,0.0019015827639686348,0.017541951756957427,0.52,0.48258706467661694
20260913,unrestricted,greedy_ppi,kidney_lineage,24,ATM|LAMA4|SMARCA4|TP53,,4,0.0050698348548269415,0.0040698348548269415,-0.01972439388361691,0.011715143594694277,0.007563239613874062,0.005548538871126062,0.0177684269819877,4,59,0.010834182947170312,0.0011239116885176648,0.01603628606822618,,
20260913,unrestricted,greedy_ppi,rcc,20,ATM|LAMA4|SMARCA4|TP53,,4,0.0050698348548269415,0.0040698348548269415,-0.02818127013489602,0.011262857560085493,0.006742445786574569,0.00442080641661042,0.018706169873463272,4,59,0.010834182947170312,0.0011239116885176648,0.01603628606822618,,
20260913,unrestricted,greedy_ppi,ccrcc,12,ATM|LAMA4|SMARCA4|TP53,,4,0.0050698348548269415,0.0040698348548269415,-0.030794994706005774,0.009496494970858249,0.0062333890171242246,0.0008287468409748206,0.01867014379545834,4,59,0.010834182947170312,0.0011239116885176648,0.01603628606822618,0.3728813559322034,0.65
20260913,unrestricted,beam_ppi,kidney_lineage,24,ATM|LAMA4|SMARCA4|TP53,,4,0.0050698348548269415,0.0040698348548269415,-0.01972439388361691,0.011715143594694277,0.007563239613874062,0.005902071547143738,0.018003761922150845,4,59,0.010834182947170312,0.0011239116885176648,0.01603628606822618,,
20260913,unrestricted,beam_ppi,rcc,20,ATM|LAMA4|SMARCA4|TP53,,4,0.0050698348548269415,0.0040698348548269415,-0.02818127013489602,0.011262857560085493,0.006742445786574569,0.004227764840270153,0.01819741281856662,4,59,0.010834182947170312,0.0011239116885176648,0.01603628606822618,,
20260913,unrestricted,beam_ppi,ccrcc,12,ATM|LAMA4|SMARCA4|TP53,,4,0.0050698348548269415,0.0040698348548269415,-0.030794994706005774,0.009496494970858249,0.0062333890171242246,0.0011049171547299062,0.018527412360121166,4,59,0.010834182947170312,0.0011239116885176648,0.01603628606822618,0.3728813559322034,0.65
20260913,tln1_seeded,frequency_ppi,kidney_lineage,24,TLN1,,1,0.0005920410801469682,0.00034204108014696823,-0.028719846345934164,0.0027196911323770223,0.002546127015033761,0.0009215807609935396,0.004908402257923456,1,1,0.003880697291189117,0.003880697291189117,0.003880697291189117,,
20260913,tln1_seeded,frequency_ppi,rcc,20,TLN1,,1,0.0005920410801469682,0.00034204108014696823,-0.03660230326842884,0.002841824426552675,0.0026432996908072326,0.0005171117268360076,0.005638760030899502,1,1,0.003880697291189117,0.003880697291189117,0.003880697291189117,,
20260913,tln1_seeded,frequency_ppi,ccrcc,12,TLN1,,1,0.0005920410801469682,0.00034204108014696823,-0.036410792385674906,0.003880697291189117,0.0036166460366791053,0.0007125867392949724,0.008302825983015382,1,1,0.003880697291189117,0.003880697291189117,0.003880697291189117,1.0,
20260913,tln1_seeded,static_cv_ppi,kidney_lineage,24,AJUBA|CTNNA1|DSP|TLN1,JUP|PKD1,6,0.003655121974015995,0.002155121974015995,-0.022398043882901453,0.009041493595409733,0.008349455590197286,0.005413019147929063,0.013044408474310232,4,200,0.006593960654234232,0.002635711730642343,0.01194190875677808,,
20260913,tln1_seeded,static_cv_ppi,rcc,20,AJUBA|CTNNA1|DSP|TLN1,JUP|PKD1,6,0.003655121974015995,0.002155121974015995,-0.030623817872988734,0.008820309821992778,0.008093535165833998,0.00436333036404448,0.01369937008937817,4,200,0.006593960654234232,0.002635711730642343,0.01194190875677808,,
20260913,tln1_seeded,static_cv_ppi,ccrcc,12,AJUBA|CTNNA1|DSP|TLN1,JUP|PKD1,6,0.003655121974015995,0.002155121974015995,-0.027634403882773384,0.012657085794090639,0.011634731010172095,0.005970160479936554,0.020699069958058057,4,200,0.006593960654234232,0.002635711730642343,0.01194190875677808,0.965,0.03980099502487562
20260913,tln1_seeded,greedy_ppi,kidney_lineage,24,AJUBA|CTNNA1|DSP|TLN1,JUP|PKD1,6,0.003655121974015995,0.002155121974015995,-0.022398043882901453,0.009041493595409733,0.008349455590197286,0.005621162207786199,0.013050750838376222,4,200,0.006593960654234232,0.002635711730642343,0.01194190875677808,,
20260913,tln1_seeded,greedy_ppi,rcc,20,AJUBA|CTNNA1|DSP|TLN1,JUP|PKD1,6,0.003655121974015995,0.002155121974015995,-0.030623817872988734,0.008820309821992778,0.008093535165833998,0.004562280741130835,0.013579144388901964,4,200,0.006593960654234232,0.002635711730642343,0.01194190875677808,,
20260913,tln1_seeded,greedy_ppi,ccrcc,12,AJUBA|CTNNA1|DSP|TLN1,JUP|PKD1,6,0.003655121974015995,0.002155121974015995,-0.027634403882773384,0.012657085794090639,0.011634731010172095,0.006018571321273378,0.021070022176034386,4,200,0.006593960654234232,0.002635711730642343,0.01194190875677808,0.965,0.03980099502487562
20260913,tln1_seeded,beam_ppi,kidney_lineage,24,AJUBA|CTNNA1|DSP|TLN1,JUP|PKD1,6,0.003655121974015995,0.002155121974015995,-0.022398043882901453,0.009041493595409733,0.008349455590197286,0.005332999319207057,0.013202209646111171,4,200,0.006593960654234232,0.002635711730642343,0.01194190875677808,,
20260913,tln1_seeded,beam_ppi,rcc,20,AJUBA|CTNNA1|DSP|TLN1,JUP|PKD1,6,0.003655121974015995,0.002155121974015995,-0.030623817872988734,0.008820309821992778,0.008093535165833998,0.0045972585651178665,0.0140301841640843,4,200,0.006593960654234232,0.002635711730642343,0.01194190875677808,,
20260913,tln1_seeded,beam_ppi,ccrcc,12,AJUBA|CTNNA1|DSP|TLN1,JUP|PKD1,6,0.003655121974015995,0.002155121974015995,-0.027634403882773384,0.012657085794090639,0.011634731010172095,0.00592548248041728,0.021163391422815918,4,200,0.006593960654234232,0.002635711730642343,0.01194190875677808,0.965,0.03980099502487562
20260914,unrestricted,frequency_ppi,kidney_lineage,24,DSP|DST,COL17A1,3,0.0019000812782828708,0.0011500812782828708,-0.02829820056231447,0.0031413369159967175,0.0031936494791557912,0.0012016151781474131,0.005152759719429518,2,200,0.002646234550870208,-0.0024203241324266766,0.00836279652298506,,
20260914,unrestricted,frequency_ppi,rcc,20,DSP|DST,COL17A1,3,0.0019000812782828708,0.0011500812782828708,-0.03581569981035981,0.003628427884621699,0.0036889729966278484,0.0012555348701467593,0.006021843867928967,2,200,0.002646234550870208,-0.0024203241324266766,0.00836279652298506,,
20260914,unrestricted,frequency_ppi,ccrcc,12,DSP|DST,COL17A1,3,0.0019000812782828708,0.0011500812782828708,-0.03577553630839092,0.004515953368473102,0.004629165280965797,0.0008177628049755307,0.008250742861423138,2,200,0.002646234550870208,-0.0024203241324266766,0.00836279652298506,0.7,0.30845771144278605
20260914,unrestricted,static_cv_ppi,kidney_lineage,24,ARID1A|ATM|LAMA4|MECOM|NMT2|SMARCA4|TP53,CREBBP,8,0.006179400700723287,0.004179400700723287,-0.01620750313492314,0.015232034343388046,0.010853904893189492,0.008295375273007732,0.022496090608399376,7,105,0.012603882092353969,0.004263842065214618,0.01819874638853216,,
20260914,unrestricted,static_cv_ppi,rcc,20,ARID1A|ATM|LAMA4|MECOM|NMT2|SMARCA4|TP53,CREBBP,8,0.006179400700723287,0.004179400700723287,-0.02517570445340378,0.014268423241577732,0.00940463969512062,0.006102290976303097,0.022044487258649794,7,105,0.012603882092353969,0.004263842065214618,0.01819874638853216,,
20260914,unrestricted,static_cv_ppi,ccrcc,12,ARID1A|ATM|LAMA4|MECOM|NMT2|SMARCA4|TP53,CREBBP,8,0.006179400700723287,0.004179400700723287,-0.024396865184894256,0.015894624491969767,0.012738754966769905,0.0070714509163080025,0.024748275497978013,7,105,0.012603882092353969,0.004263842065214618,0.01819874638853216,0.819047619047619,0.18867924528301888
20260914,unrestricted,greedy_ppi,kidney_lineage,24,ATM|LAMA4|NMT2|SMARCA4|TP53,,5,0.005539864685273637,0.0042898646852736365,-0.016271539530236856,0.01516799794807433,0.011048429467600096,0.008922223450172226,0.02144696007735081,5,61,0.010957991794864785,0.001778809302117601,0.01622364061894399,,
20260914,unrestricted,greedy_ppi,rcc,20,ATM|LAMA4|NMT2|SMARCA4|TP53,,5,0.005539864685273637,0.0042898646852736365,-0.024839647742355142,0.01460447995262637,0.010115578836831007,0.007329488023900572,0.021284580745890177,5,61,0.010957991794864785,0.001778809302117601,0.01622364061894399,,
20260914,unrestricted,greedy_ppi,ccrcc,12,ATM|LAMA4|NMT2|SMARCA4|TP53,,5,0.005539864685273637,0.0042898646852736365,-0.02536267358124511,0.014928816095618913,0.011720573249346389,0.007049986740895843,0.023762848873358253,5,61,0.010957991794864785,0.001778809302117601,0.01622364061894399,0.8524590163934426,0.1774193548387097
20260914,unrestricted,beam_ppi,kidney_lineage,24,ATM|LAMA4|NMT2|SMARCA4|TP53,,5,0.005539864685273637,0.0042898646852736365,-0.016271539530236856,0.01516799794807433,0.011048429467600096,0.009325364168677328,0.02200126065778348,5,61,0.010957991794864785,0.001778809302117601,0.01622364061894399,,
20260914,unrestricted,beam_ppi,rcc,20,ATM|LAMA4|NMT2|SMARCA4|TP53,,5,0.005539864685273637,0.0042898646852736365,-0.024839647742355142,0.01460447995262637,0.010115578836831007,0.007569594357433688,0.021819753427690984,5,61,0.010957991794864785,0.001778809302117601,0.01622364061894399,,
20260914,unrestricted,beam_ppi,ccrcc,12,ATM|LAMA4|NMT2|SMARCA4|TP53,,5,0.005539864685273637,0.0042898646852736365,-0.02536267358124511,0.014928816095618913,0.011720573249346389,0.006925767201654131,0.024105739861152928,5,61,0.010957991794864785,0.001778809302117601,0.01622364061894399,0.8524590163934426,0.1774193548387097
20260914,tln1_seeded,frequency_ppi,kidney_lineage,24,TLN1,,1,0.00040693318055243455,0.00015693318055243454,-0.028719846345934164,0.0027196911323770223,0.002546127015033761,0.0008915856474865771,0.004935389273506791,1,1,0.003880697291189117,0.003880697291189117,0.003880697291189117,,
20260914,tln1_seeded,frequency_ppi,rcc,20,TLN1,,1,0.00040693318055243455,0.00015693318055243454,-0.03660230326842884,0.002841824426552675,0.0026432996908072326,0.0006955377295536127,0.0055150016624709725,1,1,0.003880697291189117,0.003880697291189117,0.003880697291189117,,
20260914,tln1_seeded,frequency_ppi,ccrcc,12,TLN1,,1,0.00040693318055243455,0.00015693318055243454,-0.036410792385674906,0.003880697291189117,0.0036166460366791053,0.0007720074193864141,0.008237454839823074,1,1,0.003880697291189117,0.003880697291189117,0.003880697291189117,1.0,
20260914,tln1_seeded,static_cv_ppi,kidney_lineage,24,AJUBA|CTNNA1|DSC3|TLN1|TP53,CHUK|CTNNB1|PKD1,8,0.005784109205632468,0.0037841092056324676,-0.012450655467659999,0.018988882010651187,0.01513445204205488,0.012999406432765174,0.02552768834425614,5,200,0.006839241833692333,0.0013492038413469478,0.012943445004580485,,
20260914,tln1_seeded,static_cv_ppi,rcc,20,AJUBA|CTNNA1|DSC3|TLN1|TP53,CHUK|CTNNB1|PKD1,8,0.005784109205632468,0.0037841092056324676,-0.0213399068235276,0.018104220871453913,0.014209463324155847,0.010838143815406558,0.02586516153579863,5,200,0.006839241833692333,0.0013492038413469478,0.012943445004580485,,
20260914,tln1_seeded,static_cv_ppi,ccrcc,12,AJUBA|CTNNA1|DSC3|TLN1|TP53,CHUK|CTNNB1|PKD1,8,0.005784109205632468,0.0037841092056324676,-0.021263879823891996,0.019027609852972027,0.015385150726524799,0.008724142252316124,0.029208917988430085,5,200,0.006839241833692333,0.0013492038413469478,0.012943445004580485,0.99,0.014925373134328358
20260914,tln1_seeded,greedy_ppi,kidney_lineage,24,AJUBA|CTNNA1|DSC3|TLN1|TP53,CHUK|CTNNB1|PKD1,8,0.005784109205632468,0.0037841092056324676,-0.012450655467659999,0.018988882010651187,0.01513445204205488,0.012848293229865396,0.025420783882836914,5,200,0.006839241833692333,0.0013492038413469478,0.012943445004580485,,
20260914,tln1_seeded,greedy_ppi,rcc,20,AJUBA|CTNNA1|DSC3|TLN1|TP53,CHUK|CTNNB1|PKD1,8,0.005784109205632468,0.0037841092056324676,-0.0213399068235276,0.018104220871453913,0.014209463324155847,0.01079762828866549,0.02584296551776145,5,200,0.006839241833692333,0.0013492038413469478,0.012943445004580485,,
20260914,tln1_seeded,greedy_ppi,ccrcc,12,AJUBA|CTNNA1|DSC3|TLN1|TP53,CHUK|CTNNB1|PKD1,8,0.005784109205632468,0.0037841092056324676,-0.021263879823891996,0.019027609852972027,0.015385150726524799,0.009202305343884444,0.029697660645133885,5,200,0.006839241833692333,0.0013492038413469478,0.012943445004580485,0.99,0.014925373134328358
20260914,tln1_seeded,beam_ppi,kidney_lineage,24,AJUBA|CTNNA1|DSC3|TLN1|TP53,CHUK|CTNNB1|PKD1,8,0.005784109205632468,0.0037841092056324676,-0.012450655467659999,0.018988882010651187,0.01513445204205488,0.012975641230090198,0.025341370096655148,5,200,0.006839241833692333,0.0013492038413469478,0.012943445004580485,,
20260914,tln1_seeded,beam_ppi,rcc,20,AJUBA|CTNNA1|DSC3|TLN1|TP53,CHUK|CTNNB1|PKD1,8,0.005784109205632468,0.0037841092056324676,-0.0213399068235276,0.018104220871453913,0.014209463324155847,0.010776984506214622,0.025367517117506278,5,200,0.006839241833692333,0.0013492038413469478,0.012943445004580485,,
20260914,tln1_seeded,beam_ppi,ccrcc,12,AJUBA|CTNNA1|DSC3|TLN1|TP53,CHUK|CTNNB1|PKD1,8,0.005784109205632468,0.0037841092056324676,-0.021263879823891996,0.019027609852972027,0.015385150726524799,0.008622585479007407,0.028960122118011754,5,200,0.006839241833692333,0.0013492038413469478,0.012943445004580485,0.99,0.014925373134328358
20260915,unrestricted,frequency_ppi,kidney_lineage,24,DSP|DST,COL17A1,3,0.0019103263896276825,0.0011603263896276825,-0.02829820056231447,0.0031413369159967175,0.0031936494791557912,0.00119936397137815,0.005188722937179901,2,200,0.002646234550870208,-0.0024203241324266766,0.00836279652298506,,
20260915,unrestricted,frequency_ppi,rcc,20,DSP|DST,COL17A1,3,0.0019103263896276825,0.0011603263896276825,-0.03581569981035981,0.003628427884621699,0.0036889729966278484,0.0013308935100381607,0.0060930919022700895,2,200,0.002646234550870208,-0.0024203241324266766,0.00836279652298506,,
20260915,unrestricted,frequency_ppi,ccrcc,12,DSP|DST,COL17A1,3,0.0019103263896276825,0.0011603263896276825,-0.03577553630839092,0.004515953368473102,0.004629165280965797,0.0006100086263746045,0.008374251088643649,2,200,0.002646234550870208,-0.0024203241324266766,0.00836279652298506,0.7,0.30845771144278605
20260915,unrestricted,static_cv_ppi,kidney_lineage,24,ARID1A|ATM|LAMA4|MECOM|SMARCA4|TP53,CREBBP,7,0.005799027613758766,0.004049027613758766,-0.01932559354218255,0.012113943936128635,0.007849474686216995,0.005396341183651039,0.019012175955769078,6,200,0.010584614642175416,0.0019015827639686348,0.017541951756957427,,
20260915,unrestricted,static_cv_ppi,rcc,20,ARID1A|ATM|LAMA4|MECOM|SMARCA4|TP53,CREBBP,7,0.005799027613758766,0.004049027613758766,-0.028186558369989845,0.011257569324991668,0.006558333454002696,0.00337949767676274,0.019069397084753463,6,200,0.010584614642175416,0.0019015827639686348,0.017541951756957427,,
20260915,unrestricted,static_cv_ppi,ccrcc,12,ARID1A|ATM|LAMA4|MECOM|SMARCA4|TP53,CREBBP,7,0.005799027613758766,0.004049027613758766,-0.02944389580376705,0.010847593873096972,0.00775273506564389,0.0016531587174300896,0.020251199071689784,6,200,0.010584614642175416,0.0019015827639686348,0.017541951756957427,0.52,0.48258706467661694
20260915,unrestricted,greedy_ppi,kidney_lineage,24,ARID1A|ATM|LAMA4|SMARCA4|TP53,,5,0.005351659314420406,0.004101659314420406,-0.019098504258398874,0.012341033219912312,0.00777904500524218,0.005839211146921932,0.01896245959930035,5,61,0.010957991794864785,0.001778809302117601,0.01622364061894399,,
20260915,unrestricted,greedy_ppi,rcc,20,ARID1A|ATM|LAMA4|SMARCA4|TP53,,5,0.005351659314420406,0.004101659314420406,-0.02696034298907679,0.012483784705904721,0.00738533859939583,0.00486829747456481,0.0197870452804987,5,61,0.010957991794864785,0.001778809302117601,0.01622364061894399,,
20260915,unrestricted,greedy_ppi,ccrcc,12,ARID1A|ATM|LAMA4|SMARCA4|TP53,,5,0.005351659314420406,0.004101659314420406,-0.029128113969060898,0.011163375707803125,0.007406908671730772,0.0018465416149170855,0.020843327013724863,5,61,0.010957991794864785,0.001778809302117601,0.01622364061894399,0.5245901639344263,0.5
20260915,unrestricted,beam_ppi,kidney_lineage,24,ARID1A|ATM|LAMA4|SMARCA4|TP53,,5,0.005351659314420406,0.004101659314420406,-0.019098504258398874,0.012341033219912312,0.00777904500524218,0.005686111351685646,0.01886337433146199,5,61,0.010957991794864785,0.001778809302117601,0.01622364061894399,,
20260915,unrestricted,beam_ppi,rcc,20,ARID1A|ATM|LAMA4|SMARCA4|TP53,,5,0.005351659314420406,0.004101659314420406,-0.02696034298907679,0.012483784705904721,0.00738533859939583,0.004942584617823587,0.02016752671811978,5,61,0.010957991794864785,0.001778809302117601,0.01622364061894399,,
20260915,unrestricted,beam_ppi,ccrcc,12,ARID1A|ATM|LAMA4|SMARCA4|TP53,,5,0.005351659314420406,0.004101659314420406,-0.029128113969060898,0.011163375707803125,0.007406908671730772,0.0017844592037982645,0.021195409762318453,5,61,0.010957991794864785,0.001778809302117601,0.01622364061894399,0.5245901639344263,0.5
20260915,tln1_seeded,frequency_ppi,kidney_lineage,24,TLN1,,1,0.0003144960472956228,6.449604729562281e-05,-0.028719846345934164,0.0027196911323770223,0.002546127015033761,0.0009066646153719064,0.004878608310943184,1,1,0.003880697291189117,0.003880697291189117,0.003880697291189117,,
20260915,tln1_seeded,frequency_ppi,rcc,20,TLN1,,1,0.0003144960472956228,6.449604729562281e-05,-0.03660230326842884,0.002841824426552675,0.0026432996908072326,0.0006675956561084586,0.005538589618024159,1,1,0.003880697291189117,0.003880697291189117,0.003880697291189117,,
20260915,tln1_seeded,frequency_ppi,ccrcc,12,TLN1,,1,0.0003144960472956228,6.449604729562281e-05,-0.036410792385674906,0.003880697291189117,0.0036166460366791053,0.0007193052844627882,0.008233515715234986,1,1,0.003880697291189117,0.003880697291189117,0.003880697291189117,1.0,
20260915,tln1_seeded,static_cv_ppi,kidney_lineage,24,AJUBA|CTNNA1|DSP|TLN1,JUP|PKD1,6,0.003278830964165733,0.0017788309641657328,-0.022398043882901453,0.009041493595409733,0.008349455590197286,0.0054832438936756565,0.013229113484906007,4,200,0.006593960654234232,0.002635711730642343,0.01194190875677808,,
20260915,tln1_seeded,static_cv_ppi,rcc,20,AJUBA|CTNNA1|DSP|TLN1,JUP|PKD1,6,0.003278830964165733,0.0017788309641657328,-0.030623817872988734,0.008820309821992778,0.008093535165833998,0.004507229781612359,0.01352384931581421,4,200,0.006593960654234232,0.002635711730642343,0.01194190875677808,,
20260915,tln1_seeded,static_cv_ppi,ccrcc,12,AJUBA|CTNNA1|DSP|TLN1,JUP|PKD1,6,0.003278830964165733,0.0017788309641657328,-0.027634403882773384,0.012657085794090639,0.011634731010172095,0.006084287546165857,0.020411459152491422,4,200,0.006593960654234232,0.002635711730642343,0.01194190875677808,0.965,0.03980099502487562
20260915,tln1_seeded,greedy_ppi,kidney_lineage,24,AJUBA|CTNNA1|DSP|TLN1,JUP|PKD1,6,0.003278830964165733,0.0017788309641657328,-0.022398043882901453,0.009041493595409733,0.008349455590197286,0.005422559280939717,0.013411533899137457,4,200,0.006593960654234232,0.002635711730642343,0.01194190875677808,,
20260915,tln1_seeded,greedy_ppi,rcc,20,AJUBA|CTNNA1|DSP|TLN1,JUP|PKD1,6,0.003278830964165733,0.0017788309641657328,-0.030623817872988734,0.008820309821992778,0.008093535165833998,0.004661107112864288,0.013548627421451173,4,200,0.006593960654234232,0.002635711730642343,0.01194190875677808,,
20260915,tln1_seeded,greedy_ppi,ccrcc,12,AJUBA|CTNNA1|DSP|TLN1,JUP|PKD1,6,0.003278830964165733,0.0017788309641657328,-0.027634403882773384,0.012657085794090639,0.011634731010172095,0.005820140932382687,0.02057266444825997,4,200,0.006593960654234232,0.002635711730642343,0.01194190875677808,0.965,0.03980099502487562
20260915,tln1_seeded,beam_ppi,kidney_lineage,24,AJUBA|ARHGEF7|SMARCA4|TLN1|TP53,BCAR1|MAPK1|PXN,8,0.005776761028455971,0.003776761028455971,-0.014288337202997381,0.017151200275313805,0.013382964411852605,0.011243890499067453,0.02421223083913482,5,200,0.006839241833692333,0.0013492038413469478,0.012943445004580485,,
20260915,tln1_seeded,beam_ppi,rcc,20,AJUBA|ARHGEF7|SMARCA4|TLN1|TP53,BCAR1|MAPK1|PXN,8,0.005776761028455971,0.003776761028455971,-0.022688018519367414,0.016756109175614098,0.012786875740936399,0.009347344335073695,0.02437881480103045,5,200,0.006839241833692333,0.0013492038413469478,0.012943445004580485,,
20260915,tln1_seeded,beam_ppi,ccrcc,12,AJUBA|ARHGEF7|SMARCA4|TLN1|TP53,BCAR1|MAPK1|PXN,8,0.005776761028455971,0.003776761028455971,-0.022691039533407897,0.017600450143456126,0.014107532385914556,0.0068622736292427485,0.028832134709995526,5,200,0.006839241833692333,0.0013492038413469478,0.012943445004580485,0.985,0.01990049751243781
20260916,unrestricted,frequency_ppi,kidney_lineage,24,DSP|DST,COL17A1,3,0.0016740572899333948,0.0009240572899333948,-0.02829820056231447,0.0031413369159967175,0.0031936494791557912,0.0011796525117764337,0.005144507968990774,2,200,0.002646234550870208,-0.0024203241324266766,0.00836279652298506,,
20260916,unrestricted,frequency_ppi,rcc,20,DSP|DST,COL17A1,3,0.0016740572899333948,0.0009240572899333948,-0.03581569981035981,0.003628427884621699,0.0036889729966278484,0.0013370668597176337,0.006021335786602641,2,200,0.002646234550870208,-0.0024203241324266766,0.00836279652298506,,
20260916,unrestricted,frequency_ppi,ccrcc,12,DSP|DST,COL17A1,3,0.0016740572899333948,0.0009240572899333948,-0.03577553630839092,0.004515953368473102,0.004629165280965797,0.000761805744382096,0.008277969040343034,2,200,0.002646234550870208,-0.0024203241324266766,0.00836279652298506,0.7,0.30845771144278605
20260916,unrestricted,static_cv_ppi,kidney_lineage,24,FBN1|LAMC2|THBS1,COL7A1|DCN,5,0.005330844619797484,0.0040808446197974834,-0.023922838841889726,0.007516698636421459,0.007702828853146659,0.002469520622816109,0.012067067735347185,3,200,0.003879359645598157,-0.0025402081454202973,0.011122653493324126,,
20260916,unrestricted,static_cv_ppi,rcc,20,FBN1|LAMC2|THBS1,COL7A1|DCN,5,0.005330844619797484,0.0040808446197974834,-0.03351106438578477,0.00593306330919674,0.006216909832655881,-0.000241080926797178,0.011157888982076087,3,200,0.003879359645598157,-0.0025402081454202973,0.011122653493324126,,
20260916,unrestricted,static_cv_ppi,ccrcc,12,FBN1|LAMC2|THBS1,COL7A1|DCN,5,0.005330844619797484,0.0040808446197974834,-0.028315787649525914,0.011975702027338109,0.012096434918343224,0.003874758066846198,0.018936955562001864,3,200,0.003879359645598157,-0.0025402081454202973,0.011122653493324126,0.965,0.03980099502487562
20260916,unrestricted,greedy_ppi,kidney_lineage,24,FBN1|LAMC2|THBS1,COL7A1|DCN,5,0.005330844619797484,0.0040808446197974834,-0.023922838841889726,0.007516698636421459,0.007702828853146659,0.0025779310618055133,0.012102158263273025,3,200,0.003879359645598157,-0.0025402081454202973,0.011122653493324126,,
20260916,unrestricted,greedy_ppi,rcc,20,FBN1|LAMC2|THBS1,COL7A1|DCN,5,0.005330844619797484,0.0040808446197974834,-0.03351106438578477,0.00593306330919674,0.006216909832655881,-6.819050904549996e-05,0.011246122856649865,3,200,0.003879359645598157,-0.0025402081454202973,0.011122653493324126,,
20260916,unrestricted,greedy_ppi,ccrcc,12,FBN1|LAMC2|THBS1,COL7A1|DCN,5,0.005330844619797484,0.0040808446197974834,-0.028315787649525914,0.011975702027338109,0.012096434918343224,0.003645872558989319,0.01848968671894313,3,200,0.003879359645598157,-0.0025402081454202973,0.011122653493324126,0.965,0.03980099502487562
20260916,unrestricted,beam_ppi,kidney_lineage,24,FBN1|LAMC2|THBS1,COL7A1|DCN,5,0.005330844619797484,0.0040808446197974834,-0.023922838841889726,0.007516698636421459,0.007702828853146659,0.002506078859440037,0.012029392591147707,3,200,0.003879359645598157,-0.0025402081454202973,0.011122653493324126,,
20260916,unrestricted,beam_ppi,rcc,20,FBN1|LAMC2|THBS1,COL7A1|DCN,5,0.005330844619797484,0.0040808446197974834,-0.03351106438578477,0.00593306330919674,0.006216909832655881,8.472986772931364e-05,0.010957331689392932,3,200,0.003879359645598157,-0.0025402081454202973,0.011122653493324126,,
20260916,unrestricted,beam_ppi,ccrcc,12,FBN1|LAMC2|THBS1,COL7A1|DCN,5,0.005330844619797484,0.0040808446197974834,-0.028315787649525914,0.011975702027338109,0.012096434918343224,0.003277252453659737,0.018426534832160786,3,200,0.003879359645598157,-0.0025402081454202973,0.011122653493324126,0.965,0.03980099502487562
20260916,tln1_seeded,frequency_ppi,kidney_lineage,24,TLN1,,1,0.00019321425329328314,-5.6785746706716864e-05,-0.028719846345934164,0.0027196911323770223,0.002546127015033761,0.0008678683253599593,0.004791987596229046,1,1,0.003880697291189117,0.003880697291189117,0.003880697291189117,,
20260916,tln1_seeded,frequency_ppi,rcc,20,TLN1,,1,0.00019321425329328314,-5.6785746706716864e-05,-0.03660230326842884,0.002841824426552675,0.0026432996908072326,0.0007070708424198707,0.005531627551166311,1,1,0.003880697291189117,0.003880697291189117,0.003880697291189117,,
20260916,tln1_seeded,frequency_ppi,ccrcc,12,TLN1,,1,0.00019321425329328314,-5.6785746706716864e-05,-0.036410792385674906,0.003880697291189117,0.0036166460366791053,0.0006793810034095517,0.008185251693587277,1,1,0.003880697291189117,0.003880697291189117,0.003880697291189117,1.0,
20260916,tln1_seeded,static_cv_ppi,kidney_lineage,24,AJUBA|CTNNA1|DSC3|TLN1|TP53,CHUK|CTNNB1|PKD1,8,0.005255093001182947,0.0032550930011829467,-0.012450655467659999,0.018988882010651187,0.01513445204205488,0.012877903876556423,0.02541057440526262,5,200,0.006839241833692333,0.0013492038413469478,0.012943445004580485,,
20260916,tln1_seeded,static_cv_ppi,rcc,20,AJUBA|CTNNA1|DSC3|TLN1|TP53,CHUK|CTNNB1|PKD1,8,0.005255093001182947,0.0032550930011829467,-0.0213399068235276,0.018104220871453913,0.014209463324155847,0.010611565076998206,0.02564701754788357,5,200,0.006839241833692333,0.0013492038413469478,0.012943445004580485,,
20260916,tln1_seeded,static_cv_ppi,ccrcc,12,AJUBA|CTNNA1|DSC3|TLN1|TP53,CHUK|CTNNB1|PKD1,8,0.005255093001182947,0.0032550930011829467,-0.021263879823891996,0.019027609852972027,0.015385150726524799,0.00821200204695003,0.029462509850959117,5,200,0.006839241833692333,0.0013492038413469478,0.012943445004580485,0.99,0.014925373134328358
20260916,tln1_seeded,greedy_ppi,kidney_lineage,24,TLN1,,1,0.00019321425329328314,-5.6785746706716864e-05,-0.028719846345934164,0.0027196911323770223,0.002546127015033761,0.0009215807609935396,0.004908402257923456,1,1,0.003880697291189117,0.003880697291189117,0.003880697291189117,,
20260916,tln1_seeded,greedy_ppi,rcc,20,TLN1,,1,0.00019321425329328314,-5.6785746706716864e-05,-0.03660230326842884,0.002841824426552675,0.0026432996908072326,0.0005171117268360076,0.005638760030899502,1,1,0.003880697291189117,0.003880697291189117,0.003880697291189117,,
20260916,tln1_seeded,greedy_ppi,ccrcc,12,TLN1,,1,0.00019321425329328314,-5.6785746706716864e-05,-0.036410792385674906,0.003880697291189117,0.0036166460366791053,0.0007125867392949724,0.008302825983015382,1,1,0.003880697291189117,0.003880697291189117,0.003880697291189117,1.0,
20260916,tln1_seeded,beam_ppi,kidney_lineage,24,AJUBA|CTNNA1|DSC3|TLN1|TP53,CHUK|CTNNB1|PKD1,8,0.005255093001182947,0.0032550930011829467,-0.012450655467659999,0.018988882010651187,0.01513445204205488,0.012848293229865396,0.025420783882836914,5,200,0.006839241833692333,0.0013492038413469478,0.012943445004580485,,
20260916,tln1_seeded,beam_ppi,rcc,20,AJUBA|CTNNA1|DSC3|TLN1|TP53,CHUK|CTNNB1|PKD1,8,0.005255093001182947,0.0032550930011829467,-0.0213399068235276,0.018104220871453913,0.014209463324155847,0.01079762828866549,0.02584296551776145,5,200,0.006839241833692333,0.0013492038413469478,0.012943445004580485,,
20260916,tln1_seeded,beam_ppi,ccrcc,12,AJUBA|CTNNA1|DSC3|TLN1|TP53,CHUK|CTNNB1|PKD1,8,0.005255093001182947,0.0032550930011829467,-0.021263879823891996,0.019027609852972027,0.015385150726524799,0.009202305343884444,0.029697660645133885,5,200,0.006839241833692333,0.0013492038413469478,0.012943445004580485,0.99,0.014925373134328358
20260917,unrestricted,frequency_ppi,kidney_lineage,24,DSP|DST,COL17A1,3,0.0020739764573171615,0.0013239764573171615,-0.02829820056231447,0.0031413369159967175,0.0031936494791557912,0.001154991508960689,0.005097005801903629,2,200,0.002646234550870208,-0.0024203241324266766,0.00836279652298506,,
20260917,unrestricted,frequency_ppi,rcc,20,DSP|DST,COL17A1,3,0.0020739764573171615,0.0013239764573171615,-0.03581569981035981,0.003628427884621699,0.0036889729966278484,0.001356072880770654,0.006024192663077935,2,200,0.002646234550870208,-0.0024203241324266766,0.00836279652298506,,
20260917,unrestricted,frequency_ppi,ccrcc,12,DSP|DST,COL17A1,3,0.0020739764573171615,0.0013239764573171615,-0.03577553630839092,0.004515953368473102,0.004629165280965797,0.0007492334615207321,0.008241577669977063,2,200,0.002646234550870208,-0.0024203241324266766,0.00836279652298506,0.7,0.30845771144278605
20260917,unrestricted,static_cv_ppi,kidney_lineage,24,FBN1|LAMC2|THBS1,COL7A1|DCN,5,0.004790096841385438,0.0035400968413854374,-0.023922838841889726,0.007516698636421459,0.007702828853146659,0.0025733169968025216,0.011882743173265953,3,200,0.003879359645598157,-0.0025402081454202973,0.011122653493324126,,
20260917,unrestricted,static_cv_ppi,rcc,20,FBN1|LAMC2|THBS1,COL7A1|DCN,5,0.004790096841385438,0.0035400968413854374,-0.03351106438578477,0.00593306330919674,0.006216909832655881,-8.46241359286927e-05,0.010768887626323017,3,200,0.003879359645598157,-0.0025402081454202973,0.011122653493324126,,
20260917,unrestricted,static_cv_ppi,ccrcc,12,FBN1|LAMC2|THBS1,COL7A1|DCN,5,0.004790096841385438,0.0035400968413854374,-0.028315787649525914,0.011975702027338109,0.012096434918343224,0.003817173246279822,0.018623483956577213,3,200,0.003879359645598157,-0.0025402081454202973,0.011122653493324126,0.965,0.03980099502487562
20260917,unrestricted,greedy_ppi,kidney_lineage,24,FBN1|LAMC2|THBS1,COL7A1|DCN,5,0.004790096841385438,0.0035400968413854374,-0.023922838841889726,0.007516698636421459,0.007702828853146659,0.002350114845956452,0.01192861239157876,3,200,0.003879359645598157,-0.0025402081454202973,0.011122653493324126,,
20260917,unrestricted,greedy_ppi,rcc,20,FBN1|LAMC2|THBS1,COL7A1|DCN,5,0.004790096841385438,0.0035400968413854374,-0.03351106438578477,0.00593306330919674,0.006216909832655881,0.0001351610761817586,0.011117199199715365,3,200,0.003879359645598157,-0.0025402081454202973,0.011122653493324126,,
20260917,unrestricted,greedy_ppi,ccrcc,12,FBN1|LAMC2|THBS1,COL7A1|DCN,5,0.004790096841385438,0.0035400968413854374,-0.028315787649525914,0.011975702027338109,0.012096434918343224,0.003915248827612923,0.01877743734137076,3,200,0.003879359645598157,-0.0025402081454202973,0.011122653493324126,0.965,0.03980099502487562
20260917,unrestricted,beam_ppi,kidney_lineage,24,ATM|LAMA4|NMT2|SMARCA4|TP53,,5,0.005125090109388609,0.0038750901093886087,-0.016271539530236856,0.01516799794807433,0.011048429467600096,0.008753770410954674,0.02152812692808575,5,61,0.010957991794864785,0.001778809302117601,0.01622364061894399,,
20260917,unrestricted,beam_ppi,rcc,20,ATM|LAMA4|NMT2|SMARCA4|TP53,,5,0.005125090109388609,0.0038750901093886087,-0.024839647742355142,0.01460447995262637,0.010115578836831007,0.007251272643665112,0.021554770083114332,5,61,0.010957991794864785,0.001778809302117601,0.01622364061894399,,
20260917,unrestricted,beam_ppi,ccrcc,12,ATM|LAMA4|NMT2|SMARCA4|TP53,,5,0.005125090109388609,0.0038750901093886087,-0.02536267358124511,0.014928816095618913,0.011720573249346389,0.006677349325225569,0.023536565769199335,5,61,0.010957991794864785,0.001778809302117601,0.01622364061894399,0.8524590163934426,0.1774193548387097
20260917,tln1_seeded,frequency_ppi,kidney_lineage,24,TLN1,,1,0.0006855109097987988,0.00043551090979879875,-0.028719846345934164,0.0027196911323770223,0.002546127015033761,0.0009155982610196172,0.005068271829322362,1,1,0.003880697291189117,0.003880697291189117,0.003880697291189117,,
20260917,tln1_seeded,frequency_ppi,rcc,20,TLN1,,1,0.0006855109097987988,0.00043551090979879875,-0.03660230326842884,0.002841824426552675,0.0026432996908072326,0.0007132919390807458,0.005657680285016899,1,1,0.003880697291189117,0.003880697291189117,0.003880697291189117,,
20260917,tln1_seeded,frequency_ppi,ccrcc,12,TLN1,,1,0.0006855109097987988,0.00043551090979879875,-0.036410792385674906,0.003880697291189117,0.0036166460366791053,0.000740801208510484,0.00833833095097756,1,1,0.003880697291189117,0.003880697291189117,0.003880697291189117,1.0,
20260917,tln1_seeded,static_cv_ppi,kidney_lineage,24,AJUBA|CTNNA1|DSC3|LATS2|TLN1,CTNNB1|PKD1,7,0.004144623684490529,0.0023946236844905296,-0.02196040794753329,0.009479129530777897,0.008180079911863647,0.005218950459570945,0.014080436787922536,5,200,0.008050386400065057,0.003782373808468842,0.014849850034252394,,
20260917,tln1_seeded,static_cv_ppi,rcc,20,AJUBA|CTNNA1|DSC3|LATS2|TLN1,CTNNB1|PKD1,7,0.004144623684490529,0.0023946236844905296,-0.030053392160374504,0.009390735534607009,0.00795950917985766,0.004155184282382408,0.014978785453839013,5,200,0.008050386400065057,0.003782373808468842,0.014849850034252394,,
20260917,tln1_seeded,static_cv_ppi,ccrcc,12,AJUBA|CTNNA1|DSC3|LATS2|TLN1,CTNNB1|PKD1,7,0.004144623684490529,0.0023946236844905296,-0.027014213668945075,0.013277276007918948,0.011143443633411465,0.005432276820912048,0.021958405140551637,5,200,0.008050386400065057,0.003782373808468842,0.014849850034252394,0.915,0.08955223880597014
20260917,tln1_seeded,greedy_ppi,kidney_lineage,24,AJUBA|CTNNA1|DSC3|LATS2|TLN1,CTNNB1|PKD1,7,0.004144623684490529,0.0023946236844905296,-0.02196040794753329,0.009479129530777897,0.008180079911863647,0.005252583696556261,0.014048073763077196,5,200,0.008050386400065057,0.003782373808468842,0.014849850034252394,,
20260917,tln1_seeded,greedy_ppi,rcc,20,AJUBA|CTNNA1|DSC3|LATS2|TLN1,CTNNB1|PKD1,7,0.004144623684490529,0.0023946236844905296,-0.030053392160374504,0.009390735534607009,0.00795950917985766,0.004188172800695396,0.014710250817552338,5,200,0.008050386400065057,0.003782373808468842,0.014849850034252394,,
20260917,tln1_seeded,greedy_ppi,ccrcc,12,AJUBA|CTNNA1|DSC3|LATS2|TLN1,CTNNB1|PKD1,7,0.004144623684490529,0.0023946236844905296,-0.027014213668945075,0.013277276007918948,0.011143443633411465,0.005475959769274456,0.021607754469076923,5,200,0.008050386400065057,0.003782373808468842,0.014849850034252394,0.915,0.08955223880597014
20260917,tln1_seeded,beam_ppi,kidney_lineage,24,AJUBA|CTNNA1|DSC3|TLN1|TP53,CHUK|CTNNB1|PKD1,8,0.005699812440887319,0.003699812440887319,-0.012450655467659999,0.018988882010651187,0.01513445204205488,0.01270812032730932,0.025714255416608406,5,200,0.006839241833692333,0.0013492038413469478,0.012943445004580485,,
20260917,tln1_seeded,beam_ppi,rcc,20,AJUBA|CTNNA1|DSC3|TLN1|TP53,CHUK|CTNNB1|PKD1,8,0.005699812440887319,0.003699812440887319,-0.0213399068235276,0.018104220871453913,0.014209463324155847,0.010917516929757032,0.025600252054959183,5,200,0.006839241833692333,0.0013492038413469478,0.012943445004580485,,
20260917,tln1_seeded,beam_ppi,ccrcc,12,AJUBA|CTNNA1|DSC3|TLN1|TP53,CHUK|CTNNB1|PKD1,8,0.005699812440887319,0.003699812440887319,-0.021263879823891996,0.019027609852972027,0.015385150726524799,0.008585307628354057,0.029276177326849652,5,200,0.006839241833692333,0.0013492038413469478,0.012943445004580485,0.99,0.014925373134328358
20260918,unrestricted,frequency_ppi,kidney_lineage,24,DSP|DST,COL17A1,3,0.001952235348322469,0.001202235348322469,-0.02829820056231447,0.0031413369159967175,0.0031936494791557912,0.0012912943327261625,0.005208986051923174,2,200,0.002646234550870208,-0.0024203241324266766,0.00836279652298506,,
20260918,unrestricted,frequency_ppi,rcc,20,DSP|DST,COL17A1,3,0.001952235348322469,0.001202235348322469,-0.03581569981035981,0.003628427884621699,0.0036889729966278484,0.0012567120738370319,0.005910789693213081,2,200,0.002646234550870208,-0.0024203241324266766,0.00836279652298506,,
20260918,unrestricted,frequency_ppi,ccrcc,12,DSP|DST,COL17A1,3,0.001952235348322469,0.001202235348322469,-0.03577553630839092,0.004515953368473102,0.004629165280965797,0.000624810448402234,0.00835757736048438,2,200,0.002646234550870208,-0.0024203241324266766,0.00836279652298506,0.7,0.30845771144278605
20260918,unrestricted,static_cv_ppi,kidney_lineage,24,FBN1|LAMC2|THBS1,COL7A1|DCN,5,0.005030690312087234,0.0037806903120872334,-0.023922838841889726,0.007516698636421459,0.007702828853146659,0.002701701659925694,0.011936146621821266,3,200,0.003879359645598157,-0.0025402081454202973,0.011122653493324126,,
20260918,unrestricted,static_cv_ppi,rcc,20,FBN1|LAMC2|THBS1,COL7A1|DCN,5,0.005030690312087234,0.0037806903120872334,-0.03351106438578477,0.00593306330919674,0.006216909832655881,-0.00023874284855545828,0.011035973184688838,3,200,0.003879359645598157,-0.0025402081454202973,0.011122653493324126,,
20260918,unrestricted,static_cv_ppi,ccrcc,12,FBN1|LAMC2|THBS1,COL7A1|DCN,5,0.005030690312087234,0.0037806903120872334,-0.028315787649525914,0.011975702027338109,0.012096434918343224,0.004010253750928726,0.018900078235029927,3,200,0.003879359645598157,-0.0025402081454202973,0.011122653493324126,0.965,0.03980099502487562
20260918,unrestricted,greedy_ppi,kidney_lineage,24,FBN1|LAMC2|THBS1,COL7A1|DCN,5,0.005030690312087234,0.0037806903120872334,-0.023922838841889726,0.007516698636421459,0.007702828853146659,0.0025431165491400327,0.011960705874686861,3,200,0.003879359645598157,-0.0025402081454202973,0.011122653493324126,,
20260918,unrestricted,greedy_ppi,rcc,20,FBN1|LAMC2|THBS1,COL7A1|DCN,5,0.005030690312087234,0.0037806903120872334,-0.03351106438578477,0.00593306330919674,0.006216909832655881,-0.00015687129845993065,0.010916768261492857,3,200,0.003879359645598157,-0.0025402081454202973,0.011122653493324126,,
20260918,unrestricted,greedy_ppi,ccrcc,12,FBN1|LAMC2|THBS1,COL7A1|DCN,5,0.005030690312087234,0.0037806903120872334,-0.028315787649525914,0.011975702027338109,0.012096434918343224,0.003586077009150531,0.01845339171144544,3,200,0.003879359645598157,-0.0025402081454202973,0.011122653493324126,0.965,0.03980099502487562
20260918,unrestricted,beam_ppi,kidney_lineage,24,FBN1|LAMC2|THBS1,COL7A1|DCN,5,0.005030690312087234,0.0037806903120872334,-0.023922838841889726,0.007516698636421459,0.007702828853146659,0.0025779310618055133,0.012102158263273025,3,200,0.003879359645598157,-0.0025402081454202973,0.011122653493324126,,
20260918,unrestricted,beam_ppi,rcc,20,FBN1|LAMC2|THBS1,COL7A1|DCN,5,0.005030690312087234,0.0037806903120872334,-0.03351106438578477,0.00593306330919674,0.006216909832655881,-6.819050904549996e-05,0.011246122856649865,3,200,0.003879359645598157,-0.0025402081454202973,0.011122653493324126,,
20260918,unrestricted,beam_ppi,ccrcc,12,FBN1|LAMC2|THBS1,COL7A1|DCN,5,0.005030690312087234,0.0037806903120872334,-0.028315787649525914,0.011975702027338109,0.012096434918343224,0.003645872558989319,0.01848968671894313,3,200,0.003879359645598157,-0.0025402081454202973,0.011122653493324126,0.965,0.03980099502487562
20260918,tln1_seeded,frequency_ppi,kidney_lineage,24,TLN1,,1,0.0005003607596346001,0.00025036075963460005,-0.028719846345934164,0.0027196911323770223,0.002546127015033761,0.0009471739456830281,0.004941244784124794,1,1,0.003880697291189117,0.003880697291189117,0.003880697291189117,,
20260918,tln1_seeded,frequency_ppi,rcc,20,TLN1,,1,0.0005003607596346001,0.00025036075963460005,-0.03660230326842884,0.002841824426552675,0.0026432996908072326,0.0005686497372463372,0.005566580512057807,1,1,0.003880697291189117,0.003880697291189117,0.003880697291189117,,
20260918,tln1_seeded,frequency_ppi,ccrcc,12,TLN1,,1,0.0005003607596346001,0.00025036075963460005,-0.036410792385674906,0.003880697291189117,0.0036166460366791053,0.0006969551057095908,0.008506434856187331,1,1,0.003880697291189117,0.003880697291189117,0.003880697291189117,1.0,
20260918,tln1_seeded,static_cv_ppi,kidney_lineage,24,AJUBA|CTNNA1|DSP|LATS2|TLN1,JUP|PKD1,7,0.003674760389594565,0.001924760389594565,-0.020749773392939597,0.01068976408537159,0.00940488072525203,0.006658752333406837,0.015085255969391878,5,200,0.008050386400065057,0.003782373808468842,0.014849850034252394,,
20260918,tln1_seeded,static_cv_ppi,rcc,20,AJUBA|CTNNA1|DSP|LATS2|TLN1,JUP|PKD1,7,0.003674760389594565,0.001924760389594565,-0.02872407812537392,0.010720049569607593,0.009236440082299069,0.0060080330417558074,0.016020925224540086,5,200,0.008050386400065057,0.003782373808468842,0.014849850034252394,,
20260918,tln1_seeded,static_cv_ppi,ccrcc,12,AJUBA|CTNNA1|DSP|LATS2|TLN1,JUP|PKD1,7,0.003674760389594565,0.001924760389594565,-0.025456890594563575,0.014834599082300448,0.01266013079277406,0.007151543889528531,0.02334750801777747,5,200,0.008050386400065057,0.003782373808468842,0.014849850034252394,0.95,0.05970149253731343
20260918,tln1_seeded,greedy_ppi,kidney_lineage,24,TLN1,,1,0.0005003607596346001,0.00025036075963460005,-0.028719846345934164,0.0027196911323770223,0.002546127015033761,0.0009066646153719064,0.004878608310943184,1,1,0.003880697291189117,0.003880697291189117,0.003880697291189117,,
20260918,tln1_seeded,greedy_ppi,rcc,20,TLN1,,1,0.0005003607596346001,0.00025036075963460005,-0.03660230326842884,0.002841824426552675,0.0026432996908072326,0.0006675956561084586,0.005538589618024159,1,1,0.003880697291189117,0.003880697291189117,0.003880697291189117,,
20260918,tln1_seeded,greedy_ppi,ccrcc,12,TLN1,,1,0.0005003607596346001,0.00025036075963460005,-0.036410792385674906,0.003880697291189117,0.0036166460366791053,0.0007193052844627882,0.008233515715234986,1,1,0.003880697291189117,0.003880697291189117,0.003880697291189117,1.0,
20260918,tln1_seeded,beam_ppi,kidney_lineage,24,AJUBA|CTNNA1|DSP|LATS2|TLN1,JUP|PKD1,7,0.003674760389594565,0.001924760389594565,-0.020749773392939597,0.01068976408537159,0.00940488072525203,0.006440901708640457,0.014939881521072796,5,200,0.008050386400065057,0.003782373808468842,0.014849850034252394,,
20260918,tln1_seeded,beam_ppi,rcc,20,AJUBA|CTNNA1|DSP|LATS2|TLN1,JUP|PKD1,7,0.003674760389594565,0.001924760389594565,-0.02872407812537392,0.010720049569607593,0.009236440082299069,0.005800335238291719,0.01595033258740922,5,200,0.008050386400065057,0.003782373808468842,0.014849850034252394,,
20260918,tln1_seeded,beam_ppi,ccrcc,12,AJUBA|CTNNA1|DSP|LATS2|TLN1,JUP|PKD1,7,0.003674760389594565,0.001924760389594565,-0.025456890594563575,0.014834599082300448,0.01266013079277406,0.007262553989491852,0.023317970665034365,5,200,0.008050386400065057,0.003782373808468842,0.014849850034252394,0.95,0.05970149253731343
20260919,unrestricted,frequency_ppi,kidney_lineage,24,DSP|DST,COL17A1,3,0.0019226063258855654,0.0011726063258855654,-0.02829820056231447,0.0031413369159967175,0.0031936494791557912,0.001204839619715394,0.005202452075168596,2,200,0.002646234550870208,-0.0024203241324266766,0.00836279652298506,,
20260919,unrestricted,frequency_ppi,rcc,20,DSP|DST,COL17A1,3,0.0019226063258855654,0.0011726063258855654,-0.03581569981035981,0.003628427884621699,0.0036889729966278484,0.0012806116507577657,0.006026378402758263,2,200,0.002646234550870208,-0.0024203241324266766,0.00836279652298506,,
20260919,unrestricted,frequency_ppi,ccrcc,12,DSP|DST,COL17A1,3,0.0019226063258855654,0.0011726063258855654,-0.03577553630839092,0.004515953368473102,0.004629165280965797,0.0006858707603316535,0.008416727424811827,2,200,0.002646234550870208,-0.0024203241324266766,0.00836279652298506,0.7,0.30845771144278605
20260919,unrestricted,static_cv_ppi,kidney_lineage,24,ARID1A|LAMA4|MECOM|SMARCA4|TP53,CREBBP,6,0.0051893003536500875,0.0036893003536500875,-0.020102045019219084,0.011337492459092102,0.008176807415693155,0.00539348716393804,0.018052947886494763,5,200,0.00995182363122804,0.002033398184696622,0.01565149717666408,,
20260919,unrestricted,static_cv_ppi,rcc,20,ARID1A|LAMA4|MECOM|SMARCA4|TP53,CREBBP,6,0.0051893003536500875,0.0036893003536500875,-0.029215501862114523,0.010228625832866989,0.0068182526494704465,0.003050956340345633,0.017666897674723125,5,200,0.00995182363122804,0.002033398184696622,0.01565149717666408,,
20260919,unrestricted,static_cv_ppi,ccrcc,12,ARID1A|LAMA4|MECOM|SMARCA4|TP53,CREBBP,6,0.0051893003536500875,0.0036893003536500875,-0.030185405173408952,0.01010608450345507,0.008008434413039556,0.0006281756788614997,0.01997442053436323,5,200,0.00995182363122804,0.002033398184696622,0.01565149717666408,0.52,0.48258706467661694
20260919,unrestricted,greedy_ppi,kidney_lineage,24,ATM|LAMA4|NMT2|SMARCA4|TP53,,5,0.005190045907899514,0.003940045907899514,-0.016271539530236856,0.01516799794807433,0.011048429467600096,0.008894844225067153,0.021607178013796472,5,61,0.010957991794864785,0.001778809302117601,0.01622364061894399,,
20260919,unrestricted,greedy_ppi,rcc,20,ATM|LAMA4|NMT2|SMARCA4|TP53,,5,0.005190045907899514,0.003940045907899514,-0.024839647742355142,0.01460447995262637,0.010115578836831007,0.0074401057330161805,0.021923944622120127,5,61,0.010957991794864785,0.001778809302117601,0.01622364061894399,,
20260919,unrestricted,greedy_ppi,ccrcc,12,ATM|LAMA4|NMT2|SMARCA4|TP53,,5,0.005190045907899514,0.003940045907899514,-0.02536267358124511,0.014928816095618913,0.011720573249346389,0.006834973452737984,0.023646892730992245,5,61,0.010957991794864785,0.001778809302117601,0.01622364061894399,0.8524590163934426,0.1774193548387097
20260919,unrestricted,beam_ppi,kidney_lineage,24,ATM|LAMA4|NMT2|SMARCA4|TP53,,5,0.005190045907899514,0.003940045907899514,-0.016271539530236856,0.01516799794807433,0.011048429467600096,0.008964954253799513,0.021613021697900248,5,61,0.010957991794864785,0.001778809302117601,0.01622364061894399,,
20260919,unrestricted,beam_ppi,rcc,20,ATM|LAMA4|NMT2|SMARCA4|TP53,,5,0.005190045907899514,0.003940045907899514,-0.024839647742355142,0.01460447995262637,0.010115578836831007,0.0074135523725990205,0.021917724236727523,5,61,0.010957991794864785,0.001778809302117601,0.01622364061894399,,
20260919,unrestricted,beam_ppi,ccrcc,12,ATM|LAMA4|NMT2|SMARCA4|TP53,,5,0.005190045907899514,0.003940045907899514,-0.02536267358124511,0.014928816095618913,0.011720573249346389,0.006562569757710565,0.02332581425413166,5,61,0.010957991794864785,0.001778809302117601,0.01622364061894399,0.8524590163934426,0.1774193548387097
20260919,tln1_seeded,frequency_ppi,kidney_lineage,24,TLN1,,1,0.0005609524271685506,0.0003109524271685506,-0.028719846345934164,0.0027196911323770223,0.002546127015033761,0.0008404734981468575,0.00492718020401177,1,1,0.003880697291189117,0.003880697291189117,0.003880697291189117,,
20260919,tln1_seeded,frequency_ppi,rcc,20,TLN1,,1,0.0005609524271685506,0.0003109524271685506,-0.03660230326842884,0.002841824426552675,0.0026432996908072326,0.0006335327148669498,0.005763508635250894,1,1,0.003880697291189117,0.003880697291189117,0.003880697291189117,,
20260919,tln1_seeded,frequency_ppi,ccrcc,12,TLN1,,1,0.0005609524271685506,0.0003109524271685506,-0.036410792385674906,0.003880697291189117,0.0036166460366791053,0.0007150363542396832,0.00847390940536225,1,1,0.003880697291189117,0.003880697291189117,0.003880697291189117,1.0,
20260919,tln1_seeded,static_cv_ppi,kidney_lineage,24,AJUBA|CTNNA1|DSC3|TLN1|TP53,CHUK|CTNNB1|PKD1,8,0.005955919100212991,0.003955919100212991,-0.012450655467659999,0.018988882010651187,0.01513445204205488,0.012662475885000683,0.025533368309898115,5,200,0.006839241833692333,0.0013492038413469478,0.012943445004580485,,
20260919,tln1_seeded,static_cv_ppi,rcc,20,AJUBA|CTNNA1|DSC3|TLN1|TP53,CHUK|CTNNB1|PKD1,8,0.005955919100212991,0.003955919100212991,-0.0213399068235276,0.018104220871453913,0.014209463324155847,0.010508159778926829,0.025848198867569127,5,200,0.006839241833692333,0.0013492038413469478,0.012943445004580485,,
20260919,tln1_seeded,static_cv_ppi,ccrcc,12,AJUBA|CTNNA1|DSC3|TLN1|TP53,CHUK|CTNNB1|PKD1,8,0.005955919100212991,0.003955919100212991,-0.021263879823891996,0.019027609852972027,0.015385150726524799,0.008362959341685596,0.02949221268278271,5,200,0.006839241833692333,0.0013492038413469478,0.012943445004580485,0.99,0.014925373134328358
20260919,tln1_seeded,greedy_ppi,kidney_lineage,24,AJUBA|CTNNA1|DSC3|TLN1|TP53,CHUK|CTNNB1|PKD1,8,0.005955919100212991,0.003955919100212991,-0.012450655467659999,0.018988882010651187,0.01513445204205488,0.012877903876556423,0.02541057440526262,5,200,0.006839241833692333,0.0013492038413469478,0.012943445004580485,,
20260919,tln1_seeded,greedy_ppi,rcc,20,AJUBA|CTNNA1|DSC3|TLN1|TP53,CHUK|CTNNB1|PKD1,8,0.005955919100212991,0.003955919100212991,-0.0213399068235276,0.018104220871453913,0.014209463324155847,0.010611565076998206,0.02564701754788357,5,200,0.006839241833692333,0.0013492038413469478,0.012943445004580485,,
20260919,tln1_seeded,greedy_ppi,ccrcc,12,AJUBA|CTNNA1|DSC3|TLN1|TP53,CHUK|CTNNB1|PKD1,8,0.005955919100212991,0.003955919100212991,-0.021263879823891996,0.019027609852972027,0.015385150726524799,0.00821200204695003,0.029462509850959117,5,200,0.006839241833692333,0.0013492038413469478,0.012943445004580485,0.99,0.014925373134328358
20260919,tln1_seeded,beam_ppi,kidney_lineage,24,AJUBA|LAMA4|NF2|TLN1|TP53,BCAR1|MAPK1|PXN,8,0.005681331246035254,0.003681331246035254,-0.014313494213245681,0.017126043265065505,0.013035446277367857,0.011042878845920645,0.023981535898767607,5,200,0.006839241833692333,0.0013492038413469478,0.012943445004580485,,
20260919,tln1_seeded,beam_ppi,rcc,20,AJUBA|LAMA4|NF2|TLN1|TP53,BCAR1|MAPK1|PXN,8,0.005681331246035254,0.003681331246035254,-0.022932793911592197,0.016511333783389315,0.0124686528230038,0.009501034957670717,0.02459148063106279,5,200,0.006839241833692333,0.0013492038413469478,0.012943445004580485,,
20260919,tln1_seeded,beam_ppi,ccrcc,12,AJUBA|LAMA4|NF2|TLN1|TP53,BCAR1|MAPK1|PXN,8,0.005681331246035254,0.003681331246035254,-0.023721338576775386,0.016570151100088637,0.012900258952063703,0.006903500392721742,0.02697696338284673,5,200,0.006839241833692333,0.0013492038413469478,0.012943445004580485,0.98,0.024875621890547265
20260920,unrestricted,frequency_ppi,kidney_lineage,24,DSP|DST,COL17A1,3,0.0018117916604427843,0.0010617916604427843,-0.02829820056231447,0.0031413369159967175,0.0031936494791557912,0.0011249789661934371,0.005140441218393387,2,200,0.002646234550870208,-0.0024203241324266766,0.00836279652298506,,
20260920,unrestricted,frequency_ppi,rcc,20,DSP|DST,COL17A1,3,0.0018117916604427843,0.0010617916604427843,-0.03581569981035981,0.003628427884621699,0.0036889729966278484,0.0013484641154279289,0.005908031344263507,2,200,0.002646234550870208,-0.0024203241324266766,0.00836279652298506,,
20260920,unrestricted,frequency_ppi,ccrcc,12,DSP|DST,COL17A1,3,0.0018117916604427843,0.0010617916604427843,-0.03577553630839092,0.004515953368473102,0.004629165280965797,0.0004911574253052493,0.008573446740547138,2,200,0.002646234550870208,-0.0024203241324266766,0.00836279652298506,0.7,0.30845771144278605
20260920,unrestricted,static_cv_ppi,kidney_lineage,24,FBN1|LAMC2|THBS1,COL7A1|DCN,5,0.004973480478526388,0.003723480478526388,-0.023922838841889726,0.007516698636421459,0.007702828853146659,0.0024959521424944746,0.011939721023958978,3,200,0.003879359645598157,-0.0025402081454202973,0.011122653493324126,,
20260920,unrestricted,static_cv_ppi,rcc,20,FBN1|LAMC2|THBS1,COL7A1|DCN,5,0.004973480478526388,0.003723480478526388,-0.03351106438578477,0.00593306330919674,0.006216909832655881,-0.0004418819917208762,0.010785845891749413,3,200,0.003879359645598157,-0.0025402081454202973,0.011122653493324126,,
20260920,unrestricted,static_cv_ppi,ccrcc,12,FBN1|LAMC2|THBS1,COL7A1|DCN,5,0.004973480478526388,0.003723480478526388,-0.028315787649525914,0.011975702027338109,0.012096434918343224,0.0036563712701538015,0.018658594734935453,3,200,0.003879359645598157,-0.0025402081454202973,0.011122653493324126,0.965,0.03980099502487562
20260920,unrestricted,greedy_ppi,kidney_lineage,24,FBN1|LAMC2|THBS1,COL7A1|DCN,5,0.004973480478526388,0.003723480478526388,-0.023922838841889726,0.007516698636421459,0.007702828853146659,0.0025733169968025216,0.011882743173265953,3,200,0.003879359645598157,-0.0025402081454202973,0.011122653493324126,,
20260920,unrestricted,greedy_ppi,rcc,20,FBN1|LAMC2|THBS1,COL7A1|DCN,5,0.004973480478526388,0.003723480478526388,-0.03351106438578477,0.00593306330919674,0.006216909832655881,-8.46241359286927e-05,0.010768887626323017,3,200,0.003879359645598157,-0.0025402081454202973,0.011122653493324126,,
20260920,unrestricted,greedy_ppi,ccrcc,12,FBN1|LAMC2|THBS1,COL7A1|DCN,5,0.004973480478526388,0.003723480478526388,-0.028315787649525914,0.011975702027338109,0.012096434918343224,0.003817173246279822,0.018623483956577213,3,200,0.003879359645598157,-0.0025402081454202973,0.011122653493324126,0.965,0.03980099502487562
20260920,unrestricted,beam_ppi,kidney_lineage,24,ARID1A|ATM|LAMA4|MECOM|SMARCA4|TP53,CREBBP,7,0.005625126670658052,0.003875126670658052,-0.01932559354218255,0.012113943936128635,0.007849474686216995,0.005396341183651039,0.019012175955769078,6,200,0.010584614642175416,0.0019015827639686348,0.017541951756957427,,
20260920,unrestricted,beam_ppi,rcc,20,ARID1A|ATM|LAMA4|MECOM|SMARCA4|TP53,CREBBP,7,0.005625126670658052,0.003875126670658052,-0.028186558369989845,0.011257569324991668,0.006558333454002696,0.00337949767676274,0.019069397084753463,6,200,0.010584614642175416,0.0019015827639686348,0.017541951756957427,,
20260920,unrestricted,beam_ppi,ccrcc,12,ARID1A|ATM|LAMA4|MECOM|SMARCA4|TP53,CREBBP,7,0.005625126670658052,0.003875126670658052,-0.02944389580376705,0.010847593873096972,0.00775273506564389,0.0016531587174300896,0.020251199071689784,6,200,0.010584614642175416,0.0019015827639686348,0.017541951756957427,0.52,0.48258706467661694
20260920,tln1_seeded,frequency_ppi,kidney_lineage,24,TLN1,,1,0.00015516315525552587,-9.483684474447413e-05,-0.028719846345934164,0.0027196911323770223,0.002546127015033761,0.0009109242352332151,0.004943216995747779,1,1,0.003880697291189117,0.003880697291189117,0.003880697291189117,,
20260920,tln1_seeded,frequency_ppi,rcc,20,TLN1,,1,0.00015516315525552587,-9.483684474447413e-05,-0.03660230326842884,0.002841824426552675,0.0026432996908072326,0.0006217209681587035,0.005728114113190233,1,1,0.003880697291189117,0.003880697291189117,0.003880697291189117,,
20260920,tln1_seeded,frequency_ppi,ccrcc,12,TLN1,,1,0.00015516315525552587,-9.483684474447413e-05,-0.036410792385674906,0.003880697291189117,0.0036166460366791053,0.0006137836211295097,0.008121017455387455,1,1,0.003880697291189117,0.003880697291189117,0.003880697291189117,1.0,
20260920,tln1_seeded,static_cv_ppi,kidney_lineage,24,AJUBA|CTNNA1|LATS2|TLN1,PKD1,5,0.0026512769088796835,0.0014012769088796834,-0.022651908770625395,0.00878762870768579,0.007483087084570794,0.004522273932216963,0.013473240227890688,4,7,0.006090913964184708,0.004446796578390222,0.011738354278851214,,
20260920,tln1_seeded,static_cv_ppi,rcc,20,AJUBA|CTNNA1|LATS2|TLN1,PKD1,5,0.0026512769088796835,0.0014012769088796834,-0.030324873859189472,0.00911925383579204,0.00765956567917514,0.003889733484603367,0.01486489573088343,4,7,0.006090913964184708,0.004446796578390222,0.011738354278851214,,
20260920,tln1_seeded,static_cv_ppi,ccrcc,12,AJUBA|CTNNA1|LATS2|TLN1,PKD1,5,0.0026512769088796835,0.0014012769088796834,-0.027843355294956407,0.012448134381907616,0.010233692829108909,0.004255278181841824,0.02112806717957305,4,7,0.006090913964184708,0.004446796578390222,0.011738354278851214,1.0,0.25
20260920,tln1_seeded,greedy_ppi,kidney_lineage,24,TLN1,,1,0.00015516315525552587,-9.483684474447413e-05,-0.028719846345934164,0.0027196911323770223,0.002546127015033761,0.0009155982610196172,0.005068271829322362,1,1,0.003880697291189117,0.003880697291189117,0.003880697291189117,,
20260920,tln1_seeded,greedy_ppi,rcc,20,TLN1,,1,0.00015516315525552587,-9.483684474447413e-05,-0.03660230326842884,0.002841824426552675,0.0026432996908072326,0.0007132919390807458,0.005657680285016899,1,1,0.003880697291189117,0.003880697291189117,0.003880697291189117,,
20260920,tln1_seeded,greedy_ppi,ccrcc,12,TLN1,,1,0.00015516315525552587,-9.483684474447413e-05,-0.036410792385674906,0.003880697291189117,0.0036166460366791053,0.000740801208510484,0.00833833095097756,1,1,0.003880697291189117,0.003880697291189117,0.003880697291189117,1.0,
20260920,tln1_seeded,beam_ppi,kidney_lineage,24,AJUBA|CTNNA1|DSC3|TLN1|TP53,CHUK|CTNNB1|PKD1,8,0.004804634273577677,0.0028046342735776773,-0.012450655467659999,0.018988882010651187,0.01513445204205488,0.012575564505913921,0.025555086236171465,5,200,0.006839241833692333,0.0013492038413469478,0.012943445004580485,,
20260920,tln1_seeded,beam_ppi,rcc,20,AJUBA|CTNNA1|DSC3|TLN1|TP53,CHUK|CTNNB1|PKD1,8,0.004804634273577677,0.0028046342735776773,-0.0213399068235276,0.018104220871453913,0.014209463324155847,0.011037662014970672,0.02561519286007377,5,200,0.006839241833692333,0.0013492038413469478,0.012943445004580485,,
20260920,tln1_seeded,beam_ppi,ccrcc,12,AJUBA|CTNNA1|DSC3|TLN1|TP53,CHUK|CTNNB1|PKD1,8,0.004804634273577677,0.0028046342735776773,-0.021263879823891996,0.019027609852972027,0.015385150726524799,0.008405092837313815,0.029024788754169684,5,200,0.006839241833692333,0.0013492038413469478,0.012943445004580485,0.99,0.014925373134328358
20260921,unrestricted,frequency_ppi,kidney_lineage,24,DSP|DST,COL17A1,3,0.001760103285413654,0.001010103285413654,-0.02829820056231447,0.0031413369159967175,0.0031936494791557912,0.001210043660655144,0.005197146713370912,2,200,0.002646234550870208,-0.0024203241324266766,0.00836279652298506,,
20260921,unrestricted,frequency_ppi,rcc,20,DSP|DST,COL17A1,3,0.001760103285413654,0.001010103285413654,-0.03581569981035981,0.003628427884621699,0.0036889729966278484,0.0012136107957266015,0.005913396184932145,2,200,0.002646234550870208,-0.0024203241324266766,0.00836279652298506,,
20260921,unrestricted,frequency_ppi,ccrcc,12,DSP|DST,COL17A1,3,0.001760103285413654,0.001010103285413654,-0.03577553630839092,0.004515953368473102,0.004629165280965797,0.0007535971488628774,0.00824358221044676,2,200,0.002646234550870208,-0.0024203241324266766,0.00836279652298506,0.7,0.30845771144278605
20260921,unrestricted,static_cv_ppi,kidney_lineage,24,ARID1A|ATM|LAMA4|MECOM|SMARCA4|TP53,CREBBP,7,0.0056195278026040085,0.0038695278026040086,-0.01932559354218255,0.012113943936128635,0.007849474686216995,0.005503721293305106,0.018811644682891128,6,200,0.010584614642175416,0.0019015827639686348,0.017541951756957427,,
20260921,unrestricted,static_cv_ppi,rcc,20,ARID1A|ATM|LAMA4|MECOM|SMARCA4|TP53,CREBBP,7,0.0056195278026040085,0.0038695278026040086,-0.028186558369989845,0.011257569324991668,0.006558333454002696,0.0037939489128336677,0.01875757095398667,6,200,0.010584614642175416,0.0019015827639686348,0.017541951756957427,,
20260921,unrestricted,static_cv_ppi,ccrcc,12,ARID1A|ATM|LAMA4|MECOM|SMARCA4|TP53,CREBBP,7,0.0056195278026040085,0.0038695278026040086,-0.02944389580376705,0.010847593873096972,0.00775273506564389,0.0015470462218205455,0.020218956376998398,6,200,0.010584614642175416,0.0019015827639686348,0.017541951756957427,0.52,0.48258706467661694
20260921,unrestricted,greedy_ppi,kidney_lineage,24,ARID1A|ATM|LAMA4|SMARCA4|TP53,,5,0.005197113353234668,0.003947113353234668,-0.019098504258398874,0.012341033219912312,0.00777904500524218,0.0055916125987274055,0.01884149908420142,5,61,0.010957991794864785,0.001778809302117601,0.01622364061894399,,
20260921,unrestricted,greedy_ppi,rcc,20,ARID1A|ATM|LAMA4|SMARCA4|TP53,,5,0.005197113353234668,0.003947113353234668,-0.02696034298907679,0.012483784705904721,0.00738533859939583,0.0049080392911985205,0.020007282319329515,5,61,0.010957991794864785,0.001778809302117601,0.01622364061894399,,
20260921,unrestricted,greedy_ppi,ccrcc,12,ARID1A|ATM|LAMA4|SMARCA4|TP53,,5,0.005197113353234668,0.003947113353234668,-0.029128113969060898,0.011163375707803125,0.007406908671730772,0.001948239711412017,0.021152845056676643,5,61,0.010957991794864785,0.001778809302117601,0.01622364061894399,0.5245901639344263,0.5
20260921,unrestricted,beam_ppi,kidney_lineage,24,ARID1A|ATM|LAMA4|SMARCA4|TP53,,5,0.005197113353234668,0.003947113353234668,-0.019098504258398874,0.012341033219912312,0.00777904500524218,0.005926258333425237,0.01889661624923832,5,61,0.010957991794864785,0.001778809302117601,0.01622364061894399,,
20260921,unrestricted,beam_ppi,rcc,20,ARID1A|ATM|LAMA4|SMARCA4|TP53,,5,0.005197113353234668,0.003947113353234668,-0.02696034298907679,0.012483784705904721,0.00738533859939583,0.005101951491199312,0.02000060467379689,5,61,0.010957991794864785,0.001778809302117601,0.01622364061894399,,
20260921,unrestricted,beam_ppi,ccrcc,12,ARID1A|ATM|LAMA4|SMARCA4|TP53,,5,0.005197113353234668,0.003947113353234668,-0.029128113969060898,0.011163375707803125,0.007406908671730772,0.0021149000091236912,0.020988105756831306,5,61,0.010957991794864785,0.001778809302117601,0.01622364061894399,0.5245901639344263,0.5
20260921,tln1_seeded,frequency_ppi,kidney_lineage,24,TLN1,,1,0.0005520510718012869,0.00030205107180128693,-0.028719846345934164,0.0027196911323770223,0.002546127015033761,0.0008121935187243492,0.004822342823787489,1,1,0.003880697291189117,0.003880697291189117,0.003880697291189117,,
20260921,tln1_seeded,frequency_ppi,rcc,20,TLN1,,1,0.0005520510718012869,0.00030205107180128693,-0.03660230326842884,0.002841824426552675,0.0026432996908072326,0.0006031919380074533,0.005388530262234129,1,1,0.003880697291189117,0.003880697291189117,0.003880697291189117,,
20260921,tln1_seeded,frequency_ppi,ccrcc,12,TLN1,,1,0.0005520510718012869,0.00030205107180128693,-0.036410792385674906,0.003880697291189117,0.0036166460366791053,0.0007120278132902929,0.00833368644690104,1,1,0.003880697291189117,0.003880697291189117,0.003880697291189117,1.0,
20260921,tln1_seeded,static_cv_ppi,kidney_lineage,24,AJUBA|CTNNA1|DSC3|TLN1|TP53,CHUK|CTNNB1|PKD1,8,0.005865591868903884,0.0038655918689038836,-0.012450655467659999,0.018988882010651187,0.01513445204205488,0.012662943485350697,0.02513831333393379,5,200,0.006839241833692333,0.0013492038413469478,0.012943445004580485,,
20260921,tln1_seeded,static_cv_ppi,rcc,20,AJUBA|CTNNA1|DSC3|TLN1|TP53,CHUK|CTNNB1|PKD1,8,0.005865591868903884,0.0038655918689038836,-0.0213399068235276,0.018104220871453913,0.014209463324155847,0.010764347620789401,0.02592723371327665,5,200,0.006839241833692333,0.0013492038413469478,0.012943445004580485,,
20260921,tln1_seeded,static_cv_ppi,ccrcc,12,AJUBA|CTNNA1|DSC3|TLN1|TP53,CHUK|CTNNB1|PKD1,8,0.005865591868903884,0.0038655918689038836,-0.021263879823891996,0.019027609852972027,0.015385150726524799,0.00870608625234642,0.029405353151093314,5,200,0.006839241833692333,0.0013492038413469478,0.012943445004580485,0.99,0.014925373134328358
20260921,tln1_seeded,greedy_ppi,kidney_lineage,24,AJUBA|CTNNA1|DSC3|TLN1|TP53,CHUK|CTNNB1|PKD1,8,0.005865591868903884,0.0038655918689038836,-0.012450655467659999,0.018988882010651187,0.01513445204205488,0.01273955114057554,0.025753339636169523,5,200,0.006839241833692333,0.0013492038413469478,0.012943445004580485,,
20260921,tln1_seeded,greedy_ppi,rcc,20,AJUBA|CTNNA1|DSC3|TLN1|TP53,CHUK|CTNNB1|PKD1,8,0.005865591868903884,0.0038655918689038836,-0.0213399068235276,0.018104220871453913,0.014209463324155847,0.010951506385904766,0.02544354357010442,5,200,0.006839241833692333,0.0013492038413469478,0.012943445004580485,,
20260921,tln1_seeded,greedy_ppi,ccrcc,12,AJUBA|CTNNA1|DSC3|TLN1|TP53,CHUK|CTNNB1|PKD1,8,0.005865591868903884,0.0038655918689038836,-0.021263879823891996,0.019027609852972027,0.015385150726524799,0.00854467253390897,0.029257015315581347,5,200,0.006839241833692333,0.0013492038413469478,0.012943445004580485,0.99,0.014925373134328358
20260921,tln1_seeded,beam_ppi,kidney_lineage,24,AJUBA|ARHGEF7|LAMA4|TLN1|TP53,BCAR1|MAPK1|PXN,8,0.005827416330480376,0.003827416330480376,-0.013955837687441353,0.017483699790869833,0.014161487882347723,0.011456476302848488,0.024085874868768245,5,200,0.006839241833692333,0.0013492038413469478,0.012943445004580485,,
20260921,tln1_seeded,beam_ppi,rcc,20,AJUBA|ARHGEF7|LAMA4|TLN1|TP53,BCAR1|MAPK1|PXN,8,0.005827416330480376,0.003827416330480376,-0.02228306877239472,0.01716105892258679,0.013694334431222588,0.009820797090851149,0.025118751506498657,5,200,0.006839241833692333,0.0013492038413469478,0.012943445004580485,,
20260921,tln1_seeded,beam_ppi,ccrcc,12,AJUBA|ARHGEF7|LAMA4|TLN1|TP53,BCAR1|MAPK1|PXN,8,0.005827416330480376,0.003827416330480376,-0.02338805988907544,0.016903429787788582,0.013921842239518423,0.005719473667526432,0.02810182322219521,5,200,0.006839241833692333,0.0013492038413469478,0.012943445004580485,0.98,0.024875621890547265
20260922,unrestricted,frequency_ppi,kidney_lineage,24,DSP|DST,COL17A1,3,0.0018891675553020407,0.0011391675553020406,-0.02829820056231447,0.0031413369159967175,0.0031936494791557912,0.0012685988213961016,0.005125606602796749,2,200,0.002646234550870208,-0.0024203241324266766,0.00836279652298506,,
20260922,unrestricted,frequency_ppi,rcc,20,DSP|DST,COL17A1,3,0.0018891675553020407,0.0011391675553020406,-0.03581569981035981,0.003628427884621699,0.0036889729966278484,0.001205039423227235,0.005903216776207952,2,200,0.002646234550870208,-0.0024203241324266766,0.00836279652298506,,
20260922,unrestricted,frequency_ppi,ccrcc,12,DSP|DST,COL17A1,3,0.0018891675553020407,0.0011391675553020406,-0.03577553630839092,0.004515953368473102,0.004629165280965797,0.0006306147439161187,0.008317338540954285,2,200,0.002646234550870208,-0.0024203241324266766,0.00836279652298506,0.7,0.30845771144278605
20260922,unrestricted,static_cv_ppi,kidney_lineage,24,ARID1A|ATM|LAMA4|NMT2|SMARCA4|TP53,,6,0.005949901947215906,0.004449901947215906,-0.015826007419746935,0.015613530058564251,0.011040977567367216,0.008843007642953097,0.022664667015758103,6,28,0.011165596729049376,0.007356945279183102,0.016408334774809442,,
20260922,unrestricted,static_cv_ppi,rcc,20,ARID1A|ATM|LAMA4|NMT2|SMARCA4|TP53,,6,0.005949901947215906,0.004449901947215906,-0.023843533018942153,0.015600594676039359,0.010469609560052495,0.007560076338914466,0.02311507439171644,6,28,0.011165596729049376,0.007356945279183102,0.016408334774809442,,
20260922,unrestricted,static_cv_ppi,ccrcc,12,ARID1A|ATM|LAMA4|NMT2|SMARCA4|TP53,,6,0.005949901947215906,0.004449901947215906,-0.02389672289925837,0.01639476677760565,0.012646512469088877,0.007515688584535889,0.025987766290619496,6,28,0.011165596729049376,0.007356945279183102,0.016408334774809442,0.9285714285714286,0.10344827586206896
20260922,unrestricted,greedy_ppi,kidney_lineage,24,ARID1A|ATM|LAMA4|NMT2|SMARCA4|TP53,,6,0.005949901947215906,0.004449901947215906,-0.015826007419746935,0.015613530058564251,0.011040977567367216,0.00932378551501512,0.022812617641252118,6,28,0.011165596729049376,0.007356945279183102,0.016408334774809442,,
20260922,unrestricted,greedy_ppi,rcc,20,ARID1A|ATM|LAMA4|NMT2|SMARCA4|TP53,,6,0.005949901947215906,0.004449901947215906,-0.023843533018942153,0.015600594676039359,0.010469609560052495,0.00793652939399006,0.02335860890006032,6,28,0.011165596729049376,0.007356945279183102,0.016408334774809442,,
20260922,unrestricted,greedy_ppi,ccrcc,12,ARID1A|ATM|LAMA4|NMT2|SMARCA4|TP53,,6,0.005949901947215906,0.004449901947215906,-0.02389672289925837,0.01639476677760565,0.012646512469088877,0.006999424020079155,0.0258485673927584,6,28,0.011165596729049376,0.007356945279183102,0.016408334774809442,0.9285714285714286,0.10344827586206896
20260922,unrestricted,beam_ppi,kidney_lineage,24,ARID1A|ATM|LAMA4|NMT2|SMARCA4|TP53,,6,0.005949901947215906,0.004449901947215906,-0.015826007419746935,0.015613530058564251,0.011040977567367216,0.008613048432287032,0.022401799809567403,6,28,0.011165596729049376,0.007356945279183102,0.016408334774809442,,
20260922,unrestricted,beam_ppi,rcc,20,ARID1A|ATM|LAMA4|NMT2|SMARCA4|TP53,,6,0.005949901947215906,0.004449901947215906,-0.023843533018942153,0.015600594676039359,0.010469609560052495,0.007915812201080303,0.022972334315869272,6,28,0.011165596729049376,0.007356945279183102,0.016408334774809442,,
20260922,unrestricted,beam_ppi,ccrcc,12,ARID1A|ATM|LAMA4|NMT2|SMARCA4|TP53,,6,0.005949901947215906,0.004449901947215906,-0.02389672289925837,0.01639476677760565,0.012646512469088877,0.007399113631331373,0.02570003671842998,6,28,0.011165596729049376,0.007356945279183102,0.016408334774809442,0.9285714285714286,0.10344827586206896
20260922,tln1_seeded,frequency_ppi,kidney_lineage,24,TLN1,,1,0.0005742657310856309,0.00032426573108563085,-0.028719846345934164,0.0027196911323770223,0.002546127015033761,0.0008989903722302497,0.004945892013204941,1,1,0.003880697291189117,0.003880697291189117,0.003880697291189117,,
20260922,tln1_seeded,frequency_ppi,rcc,20,TLN1,,1,0.0005742657310856309,0.00032426573108563085,-0.03660230326842884,0.002841824426552675,0.0026432996908072326,0.0006415255365679677,0.005632719358570979,1,1,0.003880697291189117,0.003880697291189117,0.003880697291189117,,
20260922,tln1_seeded,frequency_ppi,ccrcc,12,TLN1,,1,0.0005742657310856309,0.00032426573108563085,-0.036410792385674906,0.003880697291189117,0.0036166460366791053,0.0007791696295677681,0.008546293786844678,1,1,0.003880697291189117,0.003880697291189117,0.003880697291189117,1.0,
20260922,tln1_seeded,static_cv_ppi,kidney_lineage,24,AJUBA|CTNNA1|DSP|LATS2|TLN1,JUP|PKD1,7,0.004050665933401888,0.0023006659334018882,-0.020749773392939597,0.01068976408537159,0.00940488072525203,0.006829080490658929,0.015240115930216557,5,200,0.008050386400065057,0.003782373808468842,0.014849850034252394,,
20260922,tln1_seeded,static_cv_ppi,rcc,20,AJUBA|CTNNA1|DSP|LATS2|TLN1,JUP|PKD1,7,0.004050665933401888,0.0023006659334018882,-0.02872407812537392,0.010720049569607593,0.009236440082299069,0.006016597825473844,0.01654666642360504,5,200,0.008050386400065057,0.003782373808468842,0.014849850034252394,,
20260922,tln1_seeded,static_cv_ppi,ccrcc,12,AJUBA|CTNNA1|DSP|LATS2|TLN1,JUP|PKD1,7,0.004050665933401888,0.0023006659334018882,-0.025456890594563575,0.014834599082300448,0.01266013079277406,0.007714052617530907,0.02348254058763505,5,200,0.008050386400065057,0.003782373808468842,0.014849850034252394,0.95,0.05970149253731343
20260922,tln1_seeded,greedy_ppi,kidney_lineage,24,AJUBA|CTNNA1|DSP|LATS2|TLN1,JUP|PKD1,7,0.004050665933401888,0.0023006659334018882,-0.020749773392939597,0.01068976408537159,0.00940488072525203,0.0067916046176000385,0.015212000875610384,5,200,0.008050386400065057,0.003782373808468842,0.014849850034252394,,
20260922,tln1_seeded,greedy_ppi,rcc,20,AJUBA|CTNNA1|DSP|LATS2|TLN1,JUP|PKD1,7,0.004050665933401888,0.0023006659334018882,-0.02872407812537392,0.010720049569607593,0.009236440082299069,0.0058769935456083,0.016166664233298003,5,200,0.008050386400065057,0.003782373808468842,0.014849850034252394,,
20260922,tln1_seeded,greedy_ppi,ccrcc,12,AJUBA|CTNNA1|DSP|LATS2|TLN1,JUP|PKD1,7,0.004050665933401888,0.0023006659334018882,-0.025456890594563575,0.014834599082300448,0.01266013079277406,0.0072464884802361205,0.023281719821884338,5,200,0.008050386400065057,0.003782373808468842,0.014849850034252394,0.95,0.05970149253731343
20260922,tln1_seeded,beam_ppi,kidney_lineage,24,AJUBA|CTNNA1|DSC3|TLN1|TP53,CHUK|CTNNB1|PKD1,8,0.005785087819919394,0.003785087819919394,-0.012450655467659999,0.018988882010651187,0.01513445204205488,0.012852672377837422,0.025460118477117138,5,200,0.006839241833692333,0.0013492038413469478,0.012943445004580485,,
20260922,tln1_seeded,beam_ppi,rcc,20,AJUBA|CTNNA1|DSC3|TLN1|TP53,CHUK|CTNNB1|PKD1,8,0.005785087819919394,0.003785087819919394,-0.0213399068235276,0.018104220871453913,0.014209463324155847,0.010657919269476632,0.025891931967276915,5,200,0.006839241833692333,0.0013492038413469478,0.012943445004580485,,
20260922,tln1_seeded,beam_ppi,ccrcc,12,AJUBA|CTNNA1|DSC3|TLN1|TP53,CHUK|CTNNB1|PKD1,8,0.005785087819919394,0.003785087819919394,-0.021263879823891996,0.019027609852972027,0.015385150726524799,0.008892610532498119,0.029732102113938074,5,200,0.006839241833692333,0.0013492038413469478,0.012943445004580485,0.99,0.014925373134328358
20260923,unrestricted,frequency_ppi,kidney_lineage,24,DSP|DST,COL17A1,3,0.001854368274730064,0.0011043682747300639,-0.02829820056231447,0.0031413369159967175,0.0031936494791557912,0.0012045179899514964,0.005125865671653746,2,200,0.002646234550870208,-0.0024203241324266766,0.00836279652298506,,
20260923,unrestricted,frequency_ppi,rcc,20,DSP|DST,COL17A1,3,0.001854368274730064,0.0011043682747300639,-0.03581569981035981,0.003628427884621699,0.0036889729966278484,0.0013045098424929174,0.005871005734597763,2,200,0.002646234550870208,-0.0024203241324266766,0.00836279652298506,,
20260923,unrestricted,frequency_ppi,ccrcc,12,DSP|DST,COL17A1,3,0.001854368274730064,0.0011043682747300639,-0.03577553630839092,0.004515953368473102,0.004629165280965797,0.0004956953839730562,0.007955142354240696,2,200,0.002646234550870208,-0.0024203241324266766,0.00836279652298506,0.7,0.30845771144278605
20260923,unrestricted,static_cv_ppi,kidney_lineage,24,FBN1|LAMC2|THBS1,COL7A1|DCN,5,0.0049143016951997374,0.003664301695199737,-0.023922838841889726,0.007516698636421459,0.007702828853146659,0.002602692379176008,0.011883143067755283,3,200,0.003879359645598157,-0.0025402081454202973,0.011122653493324126,,
20260923,unrestricted,static_cv_ppi,rcc,20,FBN1|LAMC2|THBS1,COL7A1|DCN,5,0.0049143016951997374,0.003664301695199737,-0.03351106438578477,0.00593306330919674,0.006216909832655881,-8.834912134522921e-05,0.010830082350778713,3,200,0.003879359645598157,-0.0025402081454202973,0.011122653493324126,,
20260923,unrestricted,static_cv_ppi,ccrcc,12,FBN1|LAMC2|THBS1,COL7A1|DCN,5,0.0049143016951997374,0.003664301695199737,-0.028315787649525914,0.011975702027338109,0.012096434918343224,0.004075301000843867,0.018422892061391822,3,200,0.003879359645598157,-0.0025402081454202973,0.011122653493324126,0.965,0.03980099502487562
20260923,unrestricted,greedy_ppi,kidney_lineage,24,FBN1|LAMC2|THBS1,COL7A1|DCN,5,0.0049143016951997374,0.003664301695199737,-0.023922838841889726,0.007516698636421459,0.007702828853146659,0.0024959521424944746,0.011939721023958978,3,200,0.003879359645598157,-0.0025402081454202973,0.011122653493324126,,
20260923,unrestricted,greedy_ppi,rcc,20,FBN1|LAMC2|THBS1,COL7A1|DCN,5,0.0049143016951997374,0.003664301695199737,-0.03351106438578477,0.00593306330919674,0.006216909832655881,-0.0004418819917208762,0.010785845891749413,3,200,0.003879359645598157,-0.0025402081454202973,0.011122653493324126,,
20260923,unrestricted,greedy_ppi,ccrcc,12,FBN1|LAMC2|THBS1,COL7A1|DCN,5,0.0049143016951997374,0.003664301695199737,-0.028315787649525914,0.011975702027338109,0.012096434918343224,0.0036563712701538015,0.018658594734935453,3,200,0.003879359645598157,-0.0025402081454202973,0.011122653493324126,0.965,0.03980099502487562
20260923,unrestricted,beam_ppi,kidney_lineage,24,ATM|LAMA4|NMT2|SMARCA4|TP53,,5,0.005117551865289812,0.0038675518652898115,-0.016271539530236856,0.01516799794807433,0.011048429467600096,0.00860261232711603,0.021596503988430348,5,61,0.010957991794864785,0.001778809302117601,0.01622364061894399,,
20260923,unrestricted,beam_ppi,rcc,20,ATM|LAMA4|NMT2|SMARCA4|TP53,,5,0.005117551865289812,0.0038675518652898115,-0.024839647742355142,0.01460447995262637,0.010115578836831007,0.007197423203352952,0.0216594954643669,5,61,0.010957991794864785,0.001778809302117601,0.01622364061894399,,
20260923,unrestricted,beam_ppi,ccrcc,12,ATM|LAMA4|NMT2|SMARCA4|TP53,,5,0.005117551865289812,0.0038675518652898115,-0.02536267358124511,0.014928816095618913,0.011720573249346389,0.006879795117121751,0.02415597003418743,5,61,0.010957991794864785,0.001778809302117601,0.01622364061894399,0.8524590163934426,0.1774193548387097
20260923,tln1_seeded,frequency_ppi,kidney_lineage,24,TLN1,,1,0.0006285751860061941,0.0003785751860061941,-0.028719846345934164,0.0027196911323770223,0.002546127015033761,0.0008761628776431306,0.004960268143553434,1,1,0.003880697291189117,0.003880697291189117,0.003880697291189117,,
20260923,tln1_seeded,frequency_ppi,rcc,20,TLN1,,1,0.0006285751860061941,0.0003785751860061941,-0.03660230326842884,0.002841824426552675,0.0026432996908072326,0.0006585500310301041,0.005615685945323395,1,1,0.003880697291189117,0.003880697291189117,0.003880697291189117,,
20260923,tln1_seeded,frequency_ppi,ccrcc,12,TLN1,,1,0.0006285751860061941,0.0003785751860061941,-0.036410792385674906,0.003880697291189117,0.0036166460366791053,0.0007386833958562759,0.008451645011084296,1,1,0.003880697291189117,0.003880697291189117,0.003880697291189117,1.0,
20260923,tln1_seeded,static_cv_ppi,kidney_lineage,24,AJUBA|CTNNA1|DSC3|TLN1|TP53,CHUK|CTNNB1|PKD1,8,0.005432724629967603,0.003432724629967603,-0.012450655467659999,0.018988882010651187,0.01513445204205488,0.012985383324689515,0.026135991313137395,5,200,0.006839241833692333,0.0013492038413469478,0.012943445004580485,,
20260923,tln1_seeded,static_cv_ppi,rcc,20,AJUBA|CTNNA1|DSC3|TLN1|TP53,CHUK|CTNNB1|PKD1,8,0.005432724629967603,0.003432724629967603,-0.0213399068235276,0.018104220871453913,0.014209463324155847,0.010652632563423116,0.025601977459171917,5,200,0.006839241833692333,0.0013492038413469478,0.012943445004580485,,
20260923,tln1_seeded,static_cv_ppi,ccrcc,12,AJUBA|CTNNA1|DSC3|TLN1|TP53,CHUK|CTNNB1|PKD1,8,0.005432724629967603,0.003432724629967603,-0.021263879823891996,0.019027609852972027,0.015385150726524799,0.008288455139699358,0.029402053951566743,5,200,0.006839241833692333,0.0013492038413469478,0.012943445004580485,0.99,0.014925373134328358
20260923,tln1_seeded,greedy_ppi,kidney_lineage,24,TLN1,,1,0.0006285751860061941,0.0003785751860061941,-0.028719846345934164,0.0027196911323770223,0.002546127015033761,0.0009109242352332151,0.004943216995747779,1,1,0.003880697291189117,0.003880697291189117,0.003880697291189117,,
20260923,tln1_seeded,greedy_ppi,rcc,20,TLN1,,1,0.0006285751860061941,0.0003785751860061941,-0.03660230326842884,0.002841824426552675,0.0026432996908072326,0.0006217209681587035,0.005728114113190233,1,1,0.003880697291189117,0.003880697291189117,0.003880697291189117,,
20260923,tln1_seeded,greedy_ppi,ccrcc,12,TLN1,,1,0.0006285751860061941,0.0003785751860061941,-0.036410792385674906,0.003880697291189117,0.0036166460366791053,0.0006137836211295097,0.008121017455387455,1,1,0.003880697291189117,0.003880697291189117,0.003880697291189117,1.0,
20260923,tln1_seeded,beam_ppi,kidney_lineage,24,AJUBA|ARHGEF7|LAMA4|TLN1|TP53,BCAR1|MAPK1|PXN,8,0.005490581700111699,0.003490581700111699,-0.013955837687441353,0.017483699790869833,0.014161487882347723,0.010998477382592024,0.024278457308380203,5,200,0.006839241833692333,0.0013492038413469478,0.012943445004580485,,
20260923,tln1_seeded,beam_ppi,rcc,20,AJUBA|ARHGEF7|LAMA4|TLN1|TP53,BCAR1|MAPK1|PXN,8,0.005490581700111699,0.003490581700111699,-0.02228306877239472,0.01716105892258679,0.013694334431222588,0.010117378839160484,0.02494313287863861,5,200,0.006839241833692333,0.0013492038413469478,0.012943445004580485,,
20260923,tln1_seeded,beam_ppi,ccrcc,12,AJUBA|ARHGEF7|LAMA4|TLN1|TP53,BCAR1|MAPK1|PXN,8,0.005490581700111699,0.003490581700111699,-0.02338805988907544,0.016903429787788582,0.013921842239518423,0.00573539554077102,0.028278943757956594,5,200,0.006839241833692333,0.0013492038413469478,0.012943445004580485,0.98,0.024875621890547265
20260924,unrestricted,frequency_ppi,kidney_lineage,24,DSP|DST,COL17A1,3,0.0020694764728928757,0.0013194764728928757,-0.02829820056231447,0.0031413369159967175,0.0031936494791557912,0.001212179863372766,0.005212953778694391,2,200,0.002646234550870208,-0.0024203241324266766,0.00836279652298506,,
20260924,unrestricted,frequency_ppi,rcc,20,DSP|DST,COL17A1,3,0.0020694764728928757,0.0013194764728928757,-0.03581569981035981,0.003628427884621699,0.0036889729966278484,0.0012028125057130202,0.006069235949012789,2,200,0.002646234550870208,-0.0024203241324266766,0.00836279652298506,,
20260924,unrestricted,frequency_ppi,ccrcc,12,DSP|DST,COL17A1,3,0.0020694764728928757,0.0013194764728928757,-0.03577553630839092,0.004515953368473102,0.004629165280965797,0.0006286478966747294,0.008282696618347624,2,200,0.002646234550870208,-0.0024203241324266766,0.00836279652298506,0.7,0.30845771144278605
20260924,unrestricted,static_cv_ppi,kidney_lineage,24,ARID1A|LAMA4|MECOM|SMARCA4|TP53,CREBBP,6,0.005478990318684197,0.003978990318684197,-0.020102045019219084,0.011337492459092102,0.008176807415693155,0.0046727842005307,0.018437327102232896,5,200,0.00995182363122804,0.002033398184696622,0.01565149717666408,,
20260924,unrestricted,static_cv_ppi,rcc,20,ARID1A|LAMA4|MECOM|SMARCA4|TP53,CREBBP,6,0.005478990318684197,0.003978990318684197,-0.029215501862114523,0.010228625832866989,0.0068182526494704465,0.0025227468835991224,0.01749495744329427,5,200,0.00995182363122804,0.002033398184696622,0.01565149717666408,,
20260924,unrestricted,static_cv_ppi,ccrcc,12,ARID1A|LAMA4|MECOM|SMARCA4|TP53,CREBBP,6,0.005478990318684197,0.003978990318684197,-0.030185405173408952,0.01010608450345507,0.008008434413039556,0.00032629366146417647,0.019873357367913742,5,200,0.00995182363122804,0.002033398184696622,0.01565149717666408,0.52,0.48258706467661694
20260924,unrestricted,greedy_ppi,kidney_lineage,24,ARID1A|LAMA4|MECOM|SMARCA4|TP53,CREBBP,6,0.005478990318684197,0.003978990318684197,-0.020102045019219084,0.011337492459092102,0.008176807415693155,0.004914297982996311,0.017873193641264735,5,200,0.00995182363122804,0.002033398184696622,0.01565149717666408,,
20260924,unrestricted,greedy_ppi,rcc,20,ARID1A|LAMA4|MECOM|SMARCA4|TP53,CREBBP,6,0.005478990318684197,0.003978990318684197,-0.029215501862114523,0.010228625832866989,0.0068182526494704465,0.0027538194047469306,0.017528960629050423,5,200,0.00995182363122804,0.002033398184696622,0.01565149717666408,,
20260924,unrestricted,greedy_ppi,ccrcc,12,ARID1A|LAMA4|MECOM|SMARCA4|TP53,CREBBP,6,0.005478990318684197,0.003978990318684197,-0.030185405173408952,0.01010608450345507,0.008008434413039556,0.0002564980035067681,0.02031639547925021,5,200,0.00995182363122804,0.002033398184696622,0.01565149717666408,0.52,0.48258706467661694
20260924,unrestricted,beam_ppi,kidney_lineage,24,FBN1|LAMC2|THBS1,COL7A1|DCN,5,0.005308730255845807,0.004058730255845807,-0.023922838841889726,0.007516698636421459,0.007702828853146659,0.0026370008552343963,0.01181519683938848,3,200,0.003879359645598157,-0.0025402081454202973,0.011122653493324126,,
20260924,unrestricted,beam_ppi,rcc,20,FBN1|LAMC2|THBS1,COL7A1|DCN,5,0.005308730255845807,0.004058730255845807,-0.03351106438578477,0.00593306330919674,0.006216909832655881,-0.00038792667687075506,0.011180717388403472,3,200,0.003879359645598157,-0.0025402081454202973,0.011122653493324126,,
20260924,unrestricted,beam_ppi,ccrcc,12,FBN1|LAMC2|THBS1,COL7A1|DCN,5,0.005308730255845807,0.004058730255845807,-0.028315787649525914,0.011975702027338109,0.012096434918343224,0.0037555718544089183,0.018724362492621847,3,200,0.003879359645598157,-0.0025402081454202973,0.011122653493324126,0.965,0.03980099502487562
20260924,tln1_seeded,frequency_ppi,kidney_lineage,24,TLN1,,1,0.0006010096805950711,0.0003510096805950711,-0.028719846345934164,0.0027196911323770223,0.002546127015033761,0.0008658126834938364,0.005096984560983105,1,1,0.003880697291189117,0.003880697291189117,0.003880697291189117,,
20260924,tln1_seeded,frequency_ppi,rcc,20,TLN1,,1,0.0006010096805950711,0.0003510096805950711,-0.03660230326842884,0.002841824426552675,0.0026432996908072326,0.0005880664253601766,0.00570678853072837,1,1,0.003880697291189117,0.003880697291189117,0.003880697291189117,,
20260924,tln1_seeded,frequency_ppi,ccrcc,12,TLN1,,1,0.0006010096805950711,0.0003510096805950711,-0.036410792385674906,0.003880697291189117,0.0036166460366791053,0.0007423327669543926,0.008484699227923316,1,1,0.003880697291189117,0.003880697291189117,0.003880697291189117,1.0,
20260924,tln1_seeded,static_cv_ppi,kidney_lineage,24,AJUBA|CTNNA1|DSC3|DSP|TLN1,JUP|PKD1,7,0.003905483003469506,0.0021554830034695056,-0.021892473447965077,0.009547064030346109,0.008845399213638139,0.005691949596122901,0.013977581934521017,5,200,0.008050386400065057,0.003782373808468842,0.014849850034252394,,
20260924,tln1_seeded,static_cv_ppi,rcc,20,AJUBA|CTNNA1|DSC3|DSP|TLN1,JUP|PKD1,7,0.003905483003469506,0.0021554830034695056,-0.030419794599654937,0.009024333095326575,0.008333463371120953,0.004314734566929377,0.0142987063661552,5,200,0.008050386400065057,0.003782373808468842,0.014849850034252394,,
20260924,tln1_seeded,static_cv_ppi,ccrcc,12,AJUBA|CTNNA1|DSC3|DSP|TLN1,JUP|PKD1,7,0.003905483003469506,0.0021554830034695056,-0.027036829791591055,0.013254659885272968,0.012300018424130199,0.006498282824788284,0.02130195812114223,5,200,0.008050386400065057,0.003782373808468842,0.014849850034252394,0.915,0.08955223880597014
20260924,tln1_seeded,greedy_ppi,kidney_lineage,24,AJUBA|CTNNA1|DSC3|TLN1|TP53,CHUK|CTNNB1|PKD1,8,0.0058336026010066796,0.0038336026010066795,-0.012450655467659999,0.018988882010651187,0.01513445204205488,0.012662943485350697,0.02513831333393379,5,200,0.006839241833692333,0.0013492038413469478,0.012943445004580485,,
20260924,tln1_seeded,greedy_ppi,rcc,20,AJUBA|CTNNA1|DSC3|TLN1|TP53,CHUK|CTNNB1|PKD1,8,0.0058336026010066796,0.0038336026010066795,-0.0213399068235276,0.018104220871453913,0.014209463324155847,0.010764347620789401,0.02592723371327665,5,200,0.006839241833692333,0.0013492038413469478,0.012943445004580485,,
20260924,tln1_seeded,greedy_ppi,ccrcc,12,AJUBA|CTNNA1|DSC3|TLN1|TP53,CHUK|CTNNB1|PKD1,8,0.0058336026010066796,0.0038336026010066795,-0.021263879823891996,0.019027609852972027,0.015385150726524799,0.00870608625234642,0.029405353151093314,5,200,0.006839241833692333,0.0013492038413469478,0.012943445004580485,0.99,0.014925373134328358
20260924,tln1_seeded,beam_ppi,kidney_lineage,24,AJUBA|CTNNA1|DSC3|TLN1|TP53,CHUK|CTNNB1|PKD1,8,0.0058336026010066796,0.0038336026010066795,-0.012450655467659999,0.018988882010651187,0.01513445204205488,0.012662475885000683,0.025533368309898115,5,200,0.006839241833692333,0.0013492038413469478,0.012943445004580485,,
20260924,tln1_seeded,beam_ppi,rcc,20,AJUBA|CTNNA1|DSC3|TLN1|TP53,CHUK|CTNNB1|PKD1,8,0.0058336026010066796,0.0038336026010066795,-0.0213399068235276,0.018104220871453913,0.014209463324155847,0.010508159778926829,0.025848198867569127,5,200,0.006839241833692333,0.0013492038413469478,0.012943445004580485,,
20260924,tln1_seeded,beam_ppi,ccrcc,12,AJUBA|CTNNA1|DSC3|TLN1|TP53,CHUK|CTNNB1|PKD1,8,0.0058336026010066796,0.0038336026010066795,-0.021263879823891996,0.019027609852972027,0.015385150726524799,0.008362959341685596,0.02949221268278271,5,200,0.006839241833692333,0.0013492038413469478,0.012943445004580485,0.99,0.014925373134328358
20260925,unrestricted,frequency_ppi,kidney_lineage,24,DSP|DST,COL17A1,3,0.0017841111350721968,0.0010341111350721968,-0.02829820056231447,0.0031413369159967175,0.0031936494791557912,0.0012061460184240168,0.0051799095525543615,2,200,0.002646234550870208,-0.0024203241324266766,0.00836279652298506,,
20260925,unrestricted,frequency_ppi,rcc,20,DSP|DST,COL17A1,3,0.0017841111350721968,0.0010341111350721968,-0.03581569981035981,0.003628427884621699,0.0036889729966278484,0.0012421684182647155,0.006026793246546035,2,200,0.002646234550870208,-0.0024203241324266766,0.00836279652298506,,
20260925,unrestricted,frequency_ppi,ccrcc,12,DSP|DST,COL17A1,3,0.0017841111350721968,0.0010341111350721968,-0.03577553630839092,0.004515953368473102,0.004629165280965797,0.0007123444710864557,0.00837317386226178,2,200,0.002646234550870208,-0.0024203241324266766,0.00836279652298506,0.7,0.30845771144278605
20260925,unrestricted,static_cv_ppi,kidney_lineage,24,FBN1|LAMC2|THBS1,COL7A1|DCN,5,0.00522495246178491,0.00397495246178491,-0.023922838841889726,0.007516698636421459,0.007702828853146659,0.002413927768237901,0.01204458201666008,3,200,0.003879359645598157,-0.0025402081454202973,0.011122653493324126,,
20260925,unrestricted,static_cv_ppi,rcc,20,FBN1|LAMC2|THBS1,COL7A1|DCN,5,0.00522495246178491,0.00397495246178491,-0.03351106438578477,0.00593306330919674,0.006216909832655881,-0.0003430599793338305,0.011123914105950088,3,200,0.003879359645598157,-0.0025402081454202973,0.011122653493324126,,
20260925,unrestricted,static_cv_ppi,ccrcc,12,FBN1|LAMC2|THBS1,COL7A1|DCN,5,0.00522495246178491,0.00397495246178491,-0.028315787649525914,0.011975702027338109,0.012096434918343224,0.0036814569239235076,0.018451595804608756,3,200,0.003879359645598157,-0.0025402081454202973,0.011122653493324126,0.965,0.03980099502487562
20260925,unrestricted,greedy_ppi,kidney_lineage,24,FBN1|LAMC2|THBS1,COL7A1|DCN,5,0.00522495246178491,0.00397495246178491,-0.023922838841889726,0.007516698636421459,0.007702828853146659,0.0024920921253803728,0.011974785711096128,3,200,0.003879359645598157,-0.0025402081454202973,0.011122653493324126,,
20260925,unrestricted,greedy_ppi,rcc,20,FBN1|LAMC2|THBS1,COL7A1|DCN,5,0.00522495246178491,0.00397495246178491,-0.03351106438578477,0.00593306330919674,0.006216909832655881,-9.431309518739138e-05,0.011030196986203401,3,200,0.003879359645598157,-0.0025402081454202973,0.011122653493324126,,
20260925,unrestricted,greedy_ppi,ccrcc,12,FBN1|LAMC2|THBS1,COL7A1|DCN,5,0.00522495246178491,0.00397495246178491,-0.028315787649525914,0.011975702027338109,0.012096434918343224,0.003845276555905933,0.018761544655962067,3,200,0.003879359645598157,-0.0025402081454202973,0.011122653493324126,0.965,0.03980099502487562
20260925,unrestricted,beam_ppi,kidney_lineage,24,FBN1|LAMC2|THBS1,COL7A1|DCN,5,0.00522495246178491,0.00397495246178491,-0.023922838841889726,0.007516698636421459,0.007702828853146659,0.0024959521424944746,0.011939721023958978,3,200,0.003879359645598157,-0.0025402081454202973,0.011122653493324126,,
20260925,unrestricted,beam_ppi,rcc,20,FBN1|LAMC2|THBS1,COL7A1|DCN,5,0.00522495246178491,0.00397495246178491,-0.03351106438578477,0.00593306330919674,0.006216909832655881,-0.0004418819917208762,0.010785845891749413,3,200,0.003879359645598157,-0.0025402081454202973,0.011122653493324126,,
20260925,unrestricted,beam_ppi,ccrcc,12,FBN1|LAMC2|THBS1,COL7A1|DCN,5,0.00522495246178491,0.00397495246178491,-0.028315787649525914,0.011975702027338109,0.012096434918343224,0.0036563712701538015,0.018658594734935453,3,200,0.003879359645598157,-0.0025402081454202973,0.011122653493324126,0.965,0.03980099502487562
20260925,tln1_seeded,frequency_ppi,kidney_lineage,24,TLN1,,1,0.0007358792200463232,0.0004858792200463232,-0.028719846345934164,0.0027196911323770223,0.002546127015033761,0.0009103937961125406,0.004987267263295272,1,1,0.003880697291189117,0.003880697291189117,0.003880697291189117,,
20260925,tln1_seeded,frequency_ppi,rcc,20,TLN1,,1,0.0007358792200463232,0.0004858792200463232,-0.03660230326842884,0.002841824426552675,0.0026432996908072326,0.0006317212736710014,0.00569250282726689,1,1,0.003880697291189117,0.003880697291189117,0.003880697291189117,,
20260925,tln1_seeded,frequency_ppi,ccrcc,12,TLN1,,1,0.0007358792200463232,0.0004858792200463232,-0.036410792385674906,0.003880697291189117,0.0036166460366791053,0.000788356401061437,0.00827632795926091,1,1,0.003880697291189117,0.003880697291189117,0.003880697291189117,1.0,
20260925,tln1_seeded,static_cv_ppi,kidney_lineage,24,AJUBA|CTNNA1|DSC3|DSP|LATS2|TLN1,JUP|PKD1,8,0.0040875196916177175,0.0020875196916177174,-0.02033665166955201,0.011102885808759178,0.009730018534061857,0.0067900795527018045,0.015614818863154762,6,200,0.010714358527439849,0.0048752124604897525,0.017245116813343793,,
20260925,tln1_seeded,static_cv_ppi,rcc,20,AJUBA|CTNNA1|DSC3|DSP|LATS2|TLN1,JUP|PKD1,8,0.0040875196916177175,0.0020875196916177174,-0.028640454971744944,0.010803672723236568,0.009302256874658132,0.005743215942223293,0.016064186276017828,6,200,0.010714358527439849,0.0048752124604897525,0.017245116813343793,,
20260925,tln1_seeded,static_cv_ppi,ccrcc,12,AJUBA|CTNNA1|DSC3|DSP|LATS2|TLN1,JUP|PKD1,8,0.0040875196916177175,0.0020875196916177174,-0.02498959626894548,0.015301893407918543,0.013172985616724642,0.007664256019388085,0.02396716623424574,6,200,0.010714358527439849,0.0048752124604897525,0.017245116813343793,0.91,0.09950248756218906
20260925,tln1_seeded,greedy_ppi,kidney_lineage,24,AJUBA|CTNNA1|DSC3|DSP|LATS2|TLN1,JUP|PKD1,8,0.0040875196916177175,0.0020875196916177174,-0.02033665166955201,0.011102885808759178,0.009730018534061857,0.007069585763847368,0.01572154038040134,6,200,0.010714358527439849,0.0048752124604897525,0.017245116813343793,,
20260925,tln1_seeded,greedy_ppi,rcc,20,AJUBA|CTNNA1|DSC3|DSP|LATS2|TLN1,JUP|PKD1,8,0.0040875196916177175,0.0020875196916177174,-0.028640454971744944,0.010803672723236568,0.009302256874658132,0.0059631745446446045,0.016608461510573887,6,200,0.010714358527439849,0.0048752124604897525,0.017245116813343793,,
20260925,tln1_seeded,greedy_ppi,ccrcc,12,AJUBA|CTNNA1|DSC3|DSP|LATS2|TLN1,JUP|PKD1,8,0.0040875196916177175,0.0020875196916177174,-0.02498959626894548,0.015301893407918543,0.013172985616724642,0.008216750913723526,0.023835648961730193,6,200,0.010714358527439849,0.0048752124604897525,0.017245116813343793,0.91,0.09950248756218906
20260925,tln1_seeded,beam_ppi,kidney_lineage,24,AJUBA|CTNNA1|DSC3|TLN1|TP53,CHUK|CTNNB1|PKD1,8,0.005464214005907251,0.0034642140059072506,-0.012450655467659999,0.018988882010651187,0.01513445204205488,0.012948403841112833,0.025593870208108143,5,200,0.006839241833692333,0.0013492038413469478,0.012943445004580485,,
20260925,tln1_seeded,beam_ppi,rcc,20,AJUBA|CTNNA1|DSC3|TLN1|TP53,CHUK|CTNNB1|PKD1,8,0.005464214005907251,0.0034642140059072506,-0.0213399068235276,0.018104220871453913,0.014209463324155847,0.011008299487040022,0.02588982484318671,5,200,0.006839241833692333,0.0013492038413469478,0.012943445004580485,,
20260925,tln1_seeded,beam_ppi,ccrcc,12,AJUBA|CTNNA1|DSC3|TLN1|TP53,CHUK|CTNNB1|PKD1,8,0.005464214005907251,0.0034642140059072506,-0.021263879823891996,0.019027609852972027,0.015385150726524799,0.008318095060246156,0.029171396503970298,5,200,0.006839241833692333,0.0013492038413469478,0.012943445004580485,0.99,0.014925373134328358
20260926,unrestricted,frequency_ppi,kidney_lineage,24,DSP|DST,COL17A1,3,0.0017130459428303863,0.0009630459428303863,-0.02829820056231447,0.0031413369159967175,0.0031936494791557912,0.0011615412576771388,0.0051905341635014885,2,200,0.002646234550870208,-0.0024203241324266766,0.00836279652298506,,
20260926,unrestricted,frequency_ppi,rcc,20,DSP|DST,COL17A1,3,0.0017130459428303863,0.0009630459428303863,-0.03581569981035981,0.003628427884621699,0.0036889729966278484,0.0012728260443187218,0.005998477970677234,2,200,0.002646234550870208,-0.0024203241324266766,0.00836279652298506,,
20260926,unrestricted,frequency_ppi,ccrcc,12,DSP|DST,COL17A1,3,0.0017130459428303863,0.0009630459428303863,-0.03577553630839092,0.004515953368473102,0.004629165280965797,0.0005150771732131957,0.008203444395044475,2,200,0.002646234550870208,-0.0024203241324266766,0.00836279652298506,0.7,0.30845771144278605
20260926,unrestricted,static_cv_ppi,kidney_lineage,24,ARID1A|ATM|LAMA4|MECOM|NMT2|SMARCA4|TP53,CREBBP,8,0.006128569331234683,0.004128569331234683,-0.01620750313492314,0.015232034343388046,0.010853904893189492,0.007842474703594017,0.022332938943176898,7,105,0.012603882092353969,0.004263842065214618,0.01819874638853216,,
20260926,unrestricted,static_cv_ppi,rcc,20,ARID1A|ATM|LAMA4|MECOM|NMT2|SMARCA4|TP53,CREBBP,8,0.006128569331234683,0.004128569331234683,-0.02517570445340378,0.014268423241577732,0.00940463969512062,0.006083390770422603,0.022209591160406602,7,105,0.012603882092353969,0.004263842065214618,0.01819874638853216,,
20260926,unrestricted,static_cv_ppi,ccrcc,12,ARID1A|ATM|LAMA4|MECOM|NMT2|SMARCA4|TP53,CREBBP,8,0.006128569331234683,0.004128569331234683,-0.024396865184894256,0.015894624491969767,0.012738754966769905,0.006970136783275414,0.02530352942541885,7,105,0.012603882092353969,0.004263842065214618,0.01819874638853216,0.819047619047619,0.18867924528301888
20260926,unrestricted,greedy_ppi,kidney_lineage,24,ATM|LAMA4|NMT2|SMARCA4|TP53,,5,0.005606348497449737,0.004356348497449737,-0.016271539530236856,0.01516799794807433,0.011048429467600096,0.009019951755861486,0.021571268696657223,5,61,0.010957991794864785,0.001778809302117601,0.01622364061894399,,
20260926,unrestricted,greedy_ppi,rcc,20,ATM|LAMA4|NMT2|SMARCA4|TP53,,5,0.005606348497449737,0.004356348497449737,-0.024839647742355142,0.01460447995262637,0.010115578836831007,0.007181435799540089,0.02157674782080115,5,61,0.010957991794864785,0.001778809302117601,0.01622364061894399,,
20260926,unrestricted,greedy_ppi,ccrcc,12,ATM|LAMA4|NMT2|SMARCA4|TP53,,5,0.005606348497449737,0.004356348497449737,-0.02536267358124511,0.014928816095618913,0.011720573249346389,0.00666068087637737,0.023708983985091442,5,61,0.010957991794864785,0.001778809302117601,0.01622364061894399,0.8524590163934426,0.1774193548387097
20260926,unrestricted,beam_ppi,kidney_lineage,24,ATM|DSC3|LAMA4|RNF14|SMARCA4|TP53,CTNNB1|ESR1,8,0.006458497131220095,0.004458497131220095,-0.01744020273241298,0.013999334745898206,0.009941341549696281,0.007326352828095118,0.02092327587522452,6,200,0.009049177066907332,0.001897907384110942,0.016377325868132682,,
20260926,unrestricted,beam_ppi,rcc,20,ATM|DSC3|LAMA4|RNF14|SMARCA4|TP53,CTNNB1|ESR1,8,0.006458497131220095,0.004458497131220095,-0.02611808526602677,0.013326042428954743,0.008992703212251651,0.005747144648392925,0.021198818251280907,6,200,0.009049177066907332,0.001897907384110942,0.016377325868132682,,
20260926,unrestricted,beam_ppi,ccrcc,12,ATM|DSC3|LAMA4|RNF14|SMARCA4|TP53,CTNNB1|ESR1,8,0.006458497131220095,0.004458497131220095,-0.02726981975035403,0.013021669926509993,0.009528774841301546,0.0026627244297387368,0.02336407223952304,6,200,0.009049177066907332,0.001897907384110942,0.016377325868132682,0.79,0.21393034825870647
20260926,tln1_seeded,frequency_ppi,kidney_lineage,24,TLN1,,1,0.0006574677043305275,0.0004074677043305275,-0.028719846345934164,0.0027196911323770223,0.002546127015033761,0.0008512136719674411,0.004857002597232036,1,1,0.003880697291189117,0.003880697291189117,0.003880697291189117,,
20260926,tln1_seeded,frequency_ppi,rcc,20,TLN1,,1,0.0006574677043305275,0.0004074677043305275,-0.03660230326842884,0.002841824426552675,0.0026432996908072326,0.0006402234512177049,0.005551996937671968,1,1,0.003880697291189117,0.003880697291189117,0.003880697291189117,,
20260926,tln1_seeded,frequency_ppi,ccrcc,12,TLN1,,1,0.0006574677043305275,0.0004074677043305275,-0.036410792385674906,0.003880697291189117,0.0036166460366791053,0.0007286739898489647,0.008331791928969429,1,1,0.003880697291189117,0.003880697291189117,0.003880697291189117,1.0,
20260926,tln1_seeded,static_cv_ppi,kidney_lineage,24,AJUBA|CTNNA1|DSC3|TLN1|TP53,CHUK|CTNNB1|PKD1,8,0.006000894525666867,0.004000894525666867,-0.012450655467659999,0.018988882010651187,0.01513445204205488,0.012418272478523975,0.025616041820782344,5,200,0.006839241833692333,0.0013492038413469478,0.012943445004580485,,
20260926,tln1_seeded,static_cv_ppi,rcc,20,AJUBA|CTNNA1|DSC3|TLN1|TP53,CHUK|CTNNB1|PKD1,8,0.006000894525666867,0.004000894525666867,-0.0213399068235276,0.018104220871453913,0.014209463324155847,0.010420444130639424,0.02603336653550065,5,200,0.006839241833692333,0.0013492038413469478,0.012943445004580485,,
20260926,tln1_seeded,static_cv_ppi,ccrcc,12,AJUBA|CTNNA1|DSC3|TLN1|TP53,CHUK|CTNNB1|PKD1,8,0.006000894525666867,0.004000894525666867,-0.021263879823891996,0.019027609852972027,0.015385150726524799,0.008333724845979235,0.029245509694416222,5,200,0.006839241833692333,0.0013492038413469478,0.012943445004580485,0.99,0.014925373134328358
20260926,tln1_seeded,greedy_ppi,kidney_lineage,24,AJUBA|CTNNA1|DSC3|TLN1|TP53,CHUK|CTNNB1|PKD1,8,0.006000894525666867,0.004000894525666867,-0.012450655467659999,0.018988882010651187,0.01513445204205488,0.012985383324689515,0.026135991313137395,5,200,0.006839241833692333,0.0013492038413469478,0.012943445004580485,,
20260926,tln1_seeded,greedy_ppi,rcc,20,AJUBA|CTNNA1|DSC3|TLN1|TP53,CHUK|CTNNB1|PKD1,8,0.006000894525666867,0.004000894525666867,-0.0213399068235276,0.018104220871453913,0.014209463324155847,0.010652632563423116,0.025601977459171917,5,200,0.006839241833692333,0.0013492038413469478,0.012943445004580485,,
20260926,tln1_seeded,greedy_ppi,ccrcc,12,AJUBA|CTNNA1|DSC3|TLN1|TP53,CHUK|CTNNB1|PKD1,8,0.006000894525666867,0.004000894525666867,-0.021263879823891996,0.019027609852972027,0.015385150726524799,0.008288455139699358,0.029402053951566743,5,200,0.006839241833692333,0.0013492038413469478,0.012943445004580485,0.99,0.014925373134328358
20260926,tln1_seeded,beam_ppi,kidney_lineage,24,AJUBA|NF2|SMARCA4|TLN1|TP53,BCAR1|MAPK1|PXN,8,0.006057636781657105,0.004057636781657105,-0.014573621384924795,0.01686591609338639,0.012224782826081526,0.00967812007873162,0.023595898605867447,5,200,0.006839241833692333,0.0013492038413469478,0.012943445004580485,,
20260926,tln1_seeded,beam_ppi,rcc,20,AJUBA|NF2|SMARCA4|TLN1|TP53,BCAR1|MAPK1|PXN,8,0.006057636781657105,0.004057636781657105,-0.02322654372150379,0.016217583973477723,0.011586147649280454,0.00832364231637532,0.02436341516197163,5,200,0.006839241833692333,0.0013492038413469478,0.012943445004580485,,
20260926,tln1_seeded,beam_ppi,ccrcc,12,AJUBA|NF2|SMARCA4|TLN1|TP53,BCAR1|MAPK1|PXN,8,0.006057636781657105,0.004057636781657105,-0.022147074939142142,0.01814441473772188,0.01369026927799677,0.00864057174548961,0.028411255857443286,5,200,0.006839241833692333,0.0013492038413469478,0.012943445004580485,0.985,0.01990049751243781
20260927,unrestricted,frequency_ppi,kidney_lineage,24,DSP|DST,COL17A1,3,0.00197636099257084,0.00122636099257084,-0.02829820056231447,0.0031413369159967175,0.0031936494791557912,0.0012200254842490044,0.005084056815433559,2,200,0.002646234550870208,-0.0024203241324266766,0.00836279652298506,,
20260927,unrestricted,frequency_ppi,rcc,20,DSP|DST,COL17A1,3,0.00197636099257084,0.00122636099257084,-0.03581569981035981,0.003628427884621699,0.0036889729966278484,0.0013602566627965802,0.0060894369508241826,2,200,0.002646234550870208,-0.0024203241324266766,0.00836279652298506,,
20260927,unrestricted,frequency_ppi,ccrcc,12,DSP|DST,COL17A1,3,0.00197636099257084,0.00122636099257084,-0.03577553630839092,0.004515953368473102,0.004629165280965797,0.000696201940035002,0.008189321286083307,2,200,0.002646234550870208,-0.0024203241324266766,0.00836279652298506,0.7,0.30845771144278605
20260927,unrestricted,static_cv_ppi,kidney_lineage,24,ARID1A|ATM|LAMA4|MECOM|SMARCA4|TP53,CREBBP,7,0.005879956642179092,0.004129956642179092,-0.01932559354218255,0.012113943936128635,0.007849474686216995,0.005237667120416781,0.0189910912498365,6,200,0.010584614642175416,0.0019015827639686348,0.017541951756957427,,
20260927,unrestricted,static_cv_ppi,rcc,20,ARID1A|ATM|LAMA4|MECOM|SMARCA4|TP53,CREBBP,7,0.005879956642179092,0.004129956642179092,-0.028186558369989845,0.011257569324991668,0.006558333454002696,0.0037903820088723912,0.018784654183189156,6,200,0.010584614642175416,0.0019015827639686348,0.017541951756957427,,
20260927,unrestricted,static_cv_ppi,ccrcc,12,ARID1A|ATM|LAMA4|MECOM|SMARCA4|TP53,CREBBP,7,0.005879956642179092,0.004129956642179092,-0.02944389580376705,0.010847593873096972,0.00775273506564389,0.0021057250966131083,0.020386861624932848,6,200,0.010584614642175416,0.0019015827639686348,0.017541951756957427,0.52,0.48258706467661694
20260927,unrestricted,greedy_ppi,kidney_lineage,24,ARID1A|ATM|LAMA4|SMARCA4|TP53,,5,0.005392723300685709,0.004142723300685709,-0.019098504258398874,0.012341033219912312,0.00777904500524218,0.005790885625799118,0.019151979869065073,5,61,0.010957991794864785,0.001778809302117601,0.01622364061894399,,
20260927,unrestricted,greedy_ppi,rcc,20,ARID1A|ATM|LAMA4|SMARCA4|TP53,,5,0.005392723300685709,0.004142723300685709,-0.02696034298907679,0.012483784705904721,0.00738533859939583,0.004635695576873701,0.020153734836121005,5,61,0.010957991794864785,0.001778809302117601,0.01622364061894399,,
20260927,unrestricted,greedy_ppi,ccrcc,12,ARID1A|ATM|LAMA4|SMARCA4|TP53,,5,0.005392723300685709,0.004142723300685709,-0.029128113969060898,0.011163375707803125,0.007406908671730772,0.001475578877369121,0.02094380472916713,5,61,0.010957991794864785,0.001778809302117601,0.01622364061894399,0.5245901639344263,0.5
20260927,unrestricted,beam_ppi,kidney_lineage,24,ARID1A|ATM|LAMA4|SMARCA4|TP53,,5,0.005392723300685709,0.004142723300685709,-0.019098504258398874,0.012341033219912312,0.00777904500524218,0.005866832925554356,0.01925185939115926,5,61,0.010957991794864785,0.001778809302117601,0.01622364061894399,,
20260927,unrestricted,beam_ppi,rcc,20,ARID1A|ATM|LAMA4|SMARCA4|TP53,,5,0.005392723300685709,0.004142723300685709,-0.02696034298907679,0.012483784705904721,0.00738533859939583,0.004707314434559795,0.019756251328070434,5,61,0.010957991794864785,0.001778809302117601,0.01622364061894399,,
20260927,unrestricted,beam_ppi,ccrcc,12,ARID1A|ATM|LAMA4|SMARCA4|TP53,,5,0.005392723300685709,0.004142723300685709,-0.029128113969060898,0.011163375707803125,0.007406908671730772,0.002090790885573554,0.020941093168145665,5,61,0.010957991794864785,0.001778809302117601,0.01622364061894399,0.5245901639344263,0.5
20260927,tln1_seeded,frequency_ppi,kidney_lineage,24,TLN1,,1,0.0007462206797651585,0.0004962206797651585,-0.028719846345934164,0.0027196911323770223,0.002546127015033761,0.0008394105033144142,0.00486151220331585,1,1,0.003880697291189117,0.003880697291189117,0.003880697291189117,,
20260927,tln1_seeded,frequency_ppi,rcc,20,TLN1,,1,0.0007462206797651585,0.0004962206797651585,-0.03660230326842884,0.002841824426552675,0.0026432996908072326,0.0007248165888777571,0.00569721724195772,1,1,0.003880697291189117,0.003880697291189117,0.003880697291189117,,
20260927,tln1_seeded,frequency_ppi,ccrcc,12,TLN1,,1,0.0007462206797651585,0.0004962206797651585,-0.036410792385674906,0.003880697291189117,0.0036166460366791053,0.0007109282558703674,0.008385785103025666,1,1,0.003880697291189117,0.003880697291189117,0.003880697291189117,1.0,
20260927,tln1_seeded,static_cv_ppi,kidney_lineage,24,AJUBA|CTNNA1|DSC3|DSP|TLN1,JUP|PKD1,7,0.0039512987449341706,0.0022012987449341707,-0.021892473447965077,0.009547064030346109,0.008845399213638139,0.005763886078957958,0.013842368720826045,5,200,0.008050386400065057,0.003782373808468842,0.014849850034252394,,
20260927,tln1_seeded,static_cv_ppi,rcc,20,AJUBA|CTNNA1|DSC3|DSP|TLN1,JUP|PKD1,7,0.0039512987449341706,0.0022012987449341707,-0.030419794599654937,0.009024333095326575,0.008333463371120953,0.004578283969381034,0.014157901965223423,5,200,0.008050386400065057,0.003782373808468842,0.014849850034252394,,
20260927,tln1_seeded,static_cv_ppi,ccrcc,12,AJUBA|CTNNA1|DSC3|DSP|TLN1,JUP|PKD1,7,0.0039512987449341706,0.0022012987449341707,-0.027036829791591055,0.013254659885272968,0.012300018424130199,0.006354506948794921,0.021466626874719317,5,200,0.008050386400065057,0.003782373808468842,0.014849850034252394,0.915,0.08955223880597014
20260927,tln1_seeded,greedy_ppi,kidney_lineage,24,AJUBA|CTNNA1|DSC3|TLN1|TP53,CHUK|CTNNB1|PKD1,8,0.00588233999627725,0.00388233999627725,-0.012450655467659999,0.018988882010651187,0.01513445204205488,0.012848122965157523,0.025554054954113534,5,200,0.006839241833692333,0.0013492038413469478,0.012943445004580485,,
20260927,tln1_seeded,greedy_ppi,rcc,20,AJUBA|CTNNA1|DSC3|TLN1|TP53,CHUK|CTNNB1|PKD1,8,0.00588233999627725,0.00388233999627725,-0.0213399068235276,0.018104220871453913,0.014209463324155847,0.010507125980772998,0.025343803410604947,5,200,0.006839241833692333,0.0013492038413469478,0.012943445004580485,,
20260927,tln1_seeded,greedy_ppi,ccrcc,12,AJUBA|CTNNA1|DSC3|TLN1|TP53,CHUK|CTNNB1|PKD1,8,0.00588233999627725,0.00388233999627725,-0.021263879823891996,0.019027609852972027,0.015385150726524799,0.008537063714594811,0.02926592861143649,5,200,0.006839241833692333,0.0013492038413469478,0.012943445004580485,0.99,0.014925373134328358
20260927,tln1_seeded,beam_ppi,kidney_lineage,24,AJUBA|ARHGEF7|SMARCA4|TLN1|TP53,BCAR1|MAPK1|PXN,8,0.006114146564129987,0.004114146564129987,-0.014288337202997381,0.017151200275313805,0.013382964411852605,0.011030512307738997,0.02367521955265212,5,200,0.006839241833692333,0.0013492038413469478,0.012943445004580485,,
20260927,tln1_seeded,beam_ppi,rcc,20,AJUBA|ARHGEF7|SMARCA4|TLN1|TP53,BCAR1|MAPK1|PXN,8,0.006114146564129987,0.004114146564129987,-0.022688018519367414,0.016756109175614098,0.012786875740936399,0.009549104075992796,0.02472641865636859,5,200,0.006839241833692333,0.0013492038413469478,0.012943445004580485,,
20260927,tln1_seeded,beam_ppi,ccrcc,12,AJUBA|ARHGEF7|SMARCA4|TLN1|TP53,BCAR1|MAPK1|PXN,8,0.006114146564129987,0.004114146564129987,-0.022691039533407897,0.017600450143456126,0.014107532385914556,0.006553869319145812,0.028124476230533026,5,200,0.006839241833692333,0.0013492038413469478,0.012943445004580485,0.985,0.01990049751243781
20260928,unrestricted,frequency_ppi,kidney_lineage,24,DSP|DST,COL17A1,3,0.0020434863750748928,0.0012934863750748927,-0.02829820056231447,0.0031413369159967175,0.0031936494791557912,0.0012125853008094483,0.0051177808028264014,2,200,0.002646234550870208,-0.0024203241324266766,0.00836279652298506,,
20260928,unrestricted,frequency_ppi,rcc,20,DSP|DST,COL17A1,3,0.0020434863750748928,0.0012934863750748927,-0.03581569981035981,0.003628427884621699,0.0036889729966278484,0.001361132948031666,0.005963586104723063,2,200,0.002646234550870208,-0.0024203241324266766,0.00836279652298506,,
20260928,unrestricted,frequency_ppi,ccrcc,12,DSP|DST,COL17A1,3,0.0020434863750748928,0.0012934863750748927,-0.03577553630839092,0.004515953368473102,0.004629165280965797,0.0006144049105733252,0.008280179066127387,2,200,0.002646234550870208,-0.0024203241324266766,0.00836279652298506,0.7,0.30845771144278605
20260928,unrestricted,static_cv_ppi,kidney_lineage,24,FBN1|LAMC2|THBS1,COL7A1|DCN,5,0.0052088722345847395,0.003958872234584739,-0.023922838841889726,0.007516698636421459,0.007702828853146659,0.0023866792172992663,0.011967531325649665,3,200,0.003879359645598157,-0.0025402081454202973,0.011122653493324126,,
20260928,unrestricted,static_cv_ppi,rcc,20,FBN1|LAMC2|THBS1,COL7A1|DCN,5,0.0052088722345847395,0.003958872234584739,-0.03351106438578477,0.00593306330919674,0.006216909832655881,-0.00027158049523819816,0.010748207000384669,3,200,0.003879359645598157,-0.0025402081454202973,0.011122653493324126,,
20260928,unrestricted,static_cv_ppi,ccrcc,12,FBN1|LAMC2|THBS1,COL7A1|DCN,5,0.0052088722345847395,0.003958872234584739,-0.028315787649525914,0.011975702027338109,0.012096434918343224,0.0038135358596959245,0.01836274132473348,3,200,0.003879359645598157,-0.0025402081454202973,0.011122653493324126,0.965,0.03980099502487562
20260928,unrestricted,greedy_ppi,kidney_lineage,24,FBN1|LAMC2|THBS1,COL7A1|DCN,5,0.0052088722345847395,0.003958872234584739,-0.023922838841889726,0.007516698636421459,0.007702828853146659,0.002413927768237901,0.01204458201666008,3,200,0.003879359645598157,-0.0025402081454202973,0.011122653493324126,,
20260928,unrestricted,greedy_ppi,rcc,20,FBN1|LAMC2|THBS1,COL7A1|DCN,5,0.0052088722345847395,0.003958872234584739,-0.03351106438578477,0.00593306330919674,0.006216909832655881,-0.0003430599793338305,0.011123914105950088,3,200,0.003879359645598157,-0.0025402081454202973,0.011122653493324126,,
20260928,unrestricted,greedy_ppi,ccrcc,12,FBN1|LAMC2|THBS1,COL7A1|DCN,5,0.0052088722345847395,0.003958872234584739,-0.028315787649525914,0.011975702027338109,0.012096434918343224,0.0036814569239235076,0.018451595804608756,3,200,0.003879359645598157,-0.0025402081454202973,0.011122653493324126,0.965,0.03980099502487562
20260928,unrestricted,beam_ppi,kidney_lineage,24,ARID1A|ATM|LAMA4|NMT2|SMARCA4|TP53,,6,0.005705431056033899,0.004205431056033899,-0.015826007419746935,0.015613530058564251,0.011040977567367216,0.009043129710553138,0.02215445030668328,6,28,0.011165596729049376,0.007356945279183102,0.016408334774809442,,
20260928,unrestricted,beam_ppi,rcc,20,ARID1A|ATM|LAMA4|NMT2|SMARCA4|TP53,,6,0.005705431056033899,0.004205431056033899,-0.023843533018942153,0.015600594676039359,0.010469609560052495,0.007702904516868688,0.02315805363152909,6,28,0.011165596729049376,0.007356945279183102,0.016408334774809442,,
20260928,unrestricted,beam_ppi,ccrcc,12,ARID1A|ATM|LAMA4|NMT2|SMARCA4|TP53,,6,0.005705431056033899,0.004205431056033899,-0.02389672289925837,0.01639476677760565,0.012646512469088877,0.007378443127705842,0.026064627297849734,6,28,0.011165596729049376,0.007356945279183102,0.016408334774809442,0.9285714285714286,0.10344827586206896
20260928,tln1_seeded,frequency_ppi,kidney_lineage,24,TLN1,,1,4.680755729727158e-06,-0.0002453192442702729,-0.028719846345934164,0.0027196911323770223,0.002546127015033761,0.0009494479234026322,0.0050328527228748025,1,1,0.003880697291189117,0.003880697291189117,0.003880697291189117,,
20260928,tln1_seeded,frequency_ppi,rcc,20,TLN1,,1,4.680755729727158e-06,-0.0002453192442702729,-0.03660230326842884,0.002841824426552675,0.0026432996908072326,0.0007715249977594072,0.0055342290721734225,1,1,0.003880697291189117,0.003880697291189117,0.003880697291189117,,
20260928,tln1_seeded,frequency_ppi,ccrcc,12,TLN1,,1,4.680755729727158e-06,-0.0002453192442702729,-0.036410792385674906,0.003880697291189117,0.0036166460366791053,0.0007562932351161077,0.008357809391015736,1,1,0.003880697291189117,0.003880697291189117,0.003880697291189117,1.0,
20260928,tln1_seeded,static_cv_ppi,kidney_lineage,24,AJUBA|CTNNA1|DSC3|DSP|TLN1,JUP|PKD1,7,0.003152887790629664,0.0014028877906296637,-0.021892473447965077,0.009547064030346109,0.008845399213638139,0.005760489109223019,0.013817682355115869,5,200,0.008050386400065057,0.003782373808468842,0.014849850034252394,,
20260928,tln1_seeded,static_cv_ppi,rcc,20,AJUBA|CTNNA1|DSC3|DSP|TLN1,JUP|PKD1,7,0.003152887790629664,0.0014028877906296637,-0.030419794599654937,0.009024333095326575,0.008333463371120953,0.00442899811275642,0.013719883297880224,5,200,0.008050386400065057,0.003782373808468842,0.014849850034252394,,
20260928,tln1_seeded,static_cv_ppi,ccrcc,12,AJUBA|CTNNA1|DSC3|DSP|TLN1,JUP|PKD1,7,0.003152887790629664,0.0014028877906296637,-0.027036829791591055,0.013254659885272968,0.012300018424130199,0.0063128146066247755,0.020942921134923298,5,200,0.008050386400065057,0.003782373808468842,0.014849850034252394,0.915,0.08955223880597014
20260928,tln1_seeded,greedy_ppi,kidney_lineage,24,AJUBA|CTNNA1|DSC3|DSP|TLN1,JUP|PKD1,7,0.003152887790629664,0.0014028877906296637,-0.021892473447965077,0.009547064030346109,0.008845399213638139,0.00565902064726823,0.014113401565606032,5,200,0.008050386400065057,0.003782373808468842,0.014849850034252394,,
20260928,tln1_seeded,greedy_ppi,rcc,20,AJUBA|CTNNA1|DSC3|DSP|TLN1,JUP|PKD1,7,0.003152887790629664,0.0014028877906296637,-0.030419794599654937,0.009024333095326575,0.008333463371120953,0.004285162212482895,0.0139353519817105,5,200,0.008050386400065057,0.003782373808468842,0.014849850034252394,,
20260928,tln1_seeded,greedy_ppi,ccrcc,12,AJUBA|CTNNA1|DSC3|DSP|TLN1,JUP|PKD1,7,0.003152887790629664,0.0014028877906296637,-0.027036829791591055,0.013254659885272968,0.012300018424130199,0.006395225527671903,0.021761379234543667,5,200,0.008050386400065057,0.003782373808468842,0.014849850034252394,0.915,0.08955223880597014
20260928,tln1_seeded,beam_ppi,kidney_lineage,24,AJUBA|CTNNA1|DSC3|TLN1|TP53,CHUK|CTNNB1|PKD1,8,0.0050027679432256165,0.0030027679432256165,-0.012450655467659999,0.018988882010651187,0.01513445204205488,0.012985383324689515,0.026135991313137395,5,200,0.006839241833692333,0.0013492038413469478,0.012943445004580485,,
20260928,tln1_seeded,beam_ppi,rcc,20,AJUBA|CTNNA1|DSC3|TLN1|TP53,CHUK|CTNNB1|PKD1,8,0.0050027679432256165,0.0030027679432256165,-0.0213399068235276,0.018104220871453913,0.014209463324155847,0.010652632563423116,0.025601977459171917,5,200,0.006839241833692333,0.0013492038413469478,0.012943445004580485,,
20260928,tln1_seeded,beam_ppi,ccrcc,12,AJUBA|CTNNA1|DSC3|TLN1|TP53,CHUK|CTNNB1|PKD1,8,0.0050027679432256165,0.0030027679432256165,-0.021263879823891996,0.019027609852972027,0.015385150726524799,0.008288455139699358,0.029402053951566743,5,200,0.006839241833692333,0.0013492038413469478,0.012943445004580485,0.99,0.014925373134328358
20260929,unrestricted,frequency_ppi,kidney_lineage,24,DSP|DST,COL17A1,3,0.0016269719494840559,0.0008769719494840559,-0.02829820056231447,0.0031413369159967175,0.0031936494791557912,0.0012117915272265216,0.005152287112362144,2,200,0.002646234550870208,-0.0024203241324266766,0.00836279652298506,,
20260929,unrestricted,frequency_ppi,rcc,20,DSP|DST,COL17A1,3,0.0016269719494840559,0.0008769719494840559,-0.03581569981035981,0.003628427884621699,0.0036889729966278484,0.0012518470101928743,0.00608944946318688,2,200,0.002646234550870208,-0.0024203241324266766,0.00836279652298506,,
20260929,unrestricted,frequency_ppi,ccrcc,12,DSP|DST,COL17A1,3,0.0016269719494840559,0.0008769719494840559,-0.03577553630839092,0.004515953368473102,0.004629165280965797,0.00047167456704120045,0.008484885949659937,2,200,0.002646234550870208,-0.0024203241324266766,0.00836279652298506,0.7,0.30845771144278605
20260929,unrestricted,static_cv_ppi,kidney_lineage,24,FBN1|LAMC2|THBS1,COL7A1|DCN,5,0.004805175951279976,0.0035551759512799756,-0.023922838841889726,0.007516698636421459,0.007702828853146659,0.002740726097579387,0.012055497535892076,3,200,0.003879359645598157,-0.0025402081454202973,0.011122653493324126,,
20260929,unrestricted,static_cv_ppi,rcc,20,FBN1|LAMC2|THBS1,COL7A1|DCN,5,0.004805175951279976,0.0035551759512799756,-0.03351106438578477,0.00593306330919674,0.006216909832655881,0.0003588629749831294,0.011087811716712285,3,200,0.003879359645598157,-0.0025402081454202973,0.011122653493324126,,
20260929,unrestricted,static_cv_ppi,ccrcc,12,FBN1|LAMC2|THBS1,COL7A1|DCN,5,0.004805175951279976,0.0035551759512799756,-0.028315787649525914,0.011975702027338109,0.012096434918343224,0.004267390211346873,0.018741943853294887,3,200,0.003879359645598157,-0.0025402081454202973,0.011122653493324126,0.965,0.03980099502487562
20260929,unrestricted,greedy_ppi,kidney_lineage,24,FBN1|LAMC2|THBS1,COL7A1|DCN,5,0.004805175951279976,0.0035551759512799756,-0.023922838841889726,0.007516698636421459,0.007702828853146659,0.002443725413060133,0.011981554436871716,3,200,0.003879359645598157,-0.0025402081454202973,0.011122653493324126,,
20260929,unrestricted,greedy_ppi,rcc,20,FBN1|LAMC2|THBS1,COL7A1|DCN,5,0.004805175951279976,0.0035551759512799756,-0.03351106438578477,0.00593306330919674,0.006216909832655881,-0.0004342965253678912,0.011082726483052297,3,200,0.003879359645598157,-0.0025402081454202973,0.011122653493324126,,
20260929,unrestricted,greedy_ppi,ccrcc,12,FBN1|LAMC2|THBS1,COL7A1|DCN,5,0.004805175951279976,0.0035551759512799756,-0.028315787649525914,0.011975702027338109,0.012096434918343224,0.003543230509589807,0.018606297806255674,3,200,0.003879359645598157,-0.0025402081454202973,0.011122653493324126,0.965,0.03980099502487562
20260929,unrestricted,beam_ppi,kidney_lineage,24,ARID1A|ATM|LAMA4|MECOM|SMARCA4|TP53,CREBBP,7,0.005779086825633639,0.004029086825633639,-0.01932559354218255,0.012113943936128635,0.007849474686216995,0.005120712404239952,0.019468475039180845,6,200,0.010584614642175416,0.0019015827639686348,0.017541951756957427,,
20260929,unrestricted,beam_ppi,rcc,20,ARID1A|ATM|LAMA4|MECOM|SMARCA4|TP53,CREBBP,7,0.005779086825633639,0.004029086825633639,-0.028186558369989845,0.011257569324991668,0.006558333454002696,0.003110689999263742,0.01893529518227784,6,200,0.010584614642175416,0.0019015827639686348,0.017541951756957427,,
20260929,unrestricted,beam_ppi,ccrcc,12,ARID1A|ATM|LAMA4|MECOM|SMARCA4|TP53,CREBBP,7,0.005779086825633639,0.004029086825633639,-0.02944389580376705,0.010847593873096972,0.00775273506564389,0.0016130330725114548,0.020205143704477208,6,200,0.010584614642175416,0.0019015827639686348,0.017541951756957427,0.52,0.48258706467661694
20260929,tln1_seeded,frequency_ppi,kidney_lineage,24,TLN1,,1,0.0006679781681750339,0.00041797816817503385,-0.028719846345934164,0.0027196911323770223,0.002546127015033761,0.0009072991799403976,0.004917801328791843,1,1,0.003880697291189117,0.003880697291189117,0.003880697291189117,,
20260929,tln1_seeded,frequency_ppi,rcc,20,TLN1,,1,0.0006679781681750339,0.00041797816817503385,-0.03660230326842884,0.002841824426552675,0.0026432996908072326,0.0006398726394387673,0.005691685353528852,1,1,0.003880697291189117,0.003880697291189117,0.003880697291189117,,
20260929,tln1_seeded,frequency_ppi,ccrcc,12,TLN1,,1,0.0006679781681750339,0.00041797816817503385,-0.036410792385674906,0.003880697291189117,0.0036166460366791053,0.0006266905336359351,0.008239853452426971,1,1,0.003880697291189117,0.003880697291189117,0.003880697291189117,1.0,
20260929,tln1_seeded,static_cv_ppi,kidney_lineage,24,AJUBA|CTNNA1|DSC3|LATS2|TLN1,CTNNB1|PKD1,7,0.00396575705454364,0.00221575705454364,-0.02196040794753329,0.009479129530777897,0.008180079911863647,0.005130911514527438,0.01404654426106371,5,200,0.008050386400065057,0.003782373808468842,0.014849850034252394,,
20260929,tln1_seeded,static_cv_ppi,rcc,20,AJUBA|CTNNA1|DSC3|LATS2|TLN1,CTNNB1|PKD1,7,0.00396575705454364,0.00221575705454364,-0.030053392160374504,0.009390735534607009,0.00795950917985766,0.003967606548009742,0.014785801656486061,5,200,0.008050386400065057,0.003782373808468842,0.014849850034252394,,
20260929,tln1_seeded,static_cv_ppi,ccrcc,12,AJUBA|CTNNA1|DSC3|LATS2|TLN1,CTNNB1|PKD1,7,0.00396575705454364,0.00221575705454364,-0.027014213668945075,0.013277276007918948,0.011143443633411465,0.004632479412403345,0.021770225681554674,5,200,0.008050386400065057,0.003782373808468842,0.014849850034252394,0.915,0.08955223880597014
20260929,tln1_seeded,greedy_ppi,kidney_lineage,24,AJUBA|CTNNA1|DSC3|TLN1|TP53,CHUK|CTNNB1|PKD1,8,0.005685826536647566,0.0036858265366475663,-0.012450655467659999,0.018988882010651187,0.01513445204205488,0.012418272478523975,0.025616041820782344,5,200,0.006839241833692333,0.0013492038413469478,0.012943445004580485,,
20260929,tln1_seeded,greedy_ppi,rcc,20,AJUBA|CTNNA1|DSC3|TLN1|TP53,CHUK|CTNNB1|PKD1,8,0.005685826536647566,0.0036858265366475663,-0.0213399068235276,0.018104220871453913,0.014209463324155847,0.010420444130639424,0.02603336653550065,5,200,0.006839241833692333,0.0013492038413469478,0.012943445004580485,,
20260929,tln1_seeded,greedy_ppi,ccrcc,12,AJUBA|CTNNA1|DSC3|TLN1|TP53,CHUK|CTNNB1|PKD1,8,0.005685826536647566,0.0036858265366475663,-0.021263879823891996,0.019027609852972027,0.015385150726524799,0.008333724845979235,0.029245509694416222,5,200,0.006839241833692333,0.0013492038413469478,0.012943445004580485,0.99,0.014925373134328358
20260929,tln1_seeded,beam_ppi,kidney_lineage,24,AJUBA|CTNNA1|DSC3|TLN1|TP53,CHUK|CTNNB1|PKD1,8,0.005685826536647566,0.0036858265366475663,-0.012450655467659999,0.018988882010651187,0.01513445204205488,0.012848122965157523,0.025554054954113534,5,200,0.006839241833692333,0.0013492038413469478,0.012943445004580485,,
20260929,tln1_seeded,beam_ppi,rcc,20,AJUBA|CTNNA1|DSC3|TLN1|TP53,CHUK|CTNNB1|PKD1,8,0.005685826536647566,0.0036858265366475663,-0.0213399068235276,0.018104220871453913,0.014209463324155847,0.010507125980772998,0.025343803410604947,5,200,0.006839241833692333,0.0013492038413469478,0.012943445004580485,,
20260929,tln1_seeded,beam_ppi,ccrcc,12,AJUBA|CTNNA1|DSC3|TLN1|TP53,CHUK|CTNNB1|PKD1,8,0.005685826536647566,0.0036858265366475663,-0.021263879823891996,0.019027609852972027,0.015385150726524799,0.008537063714594811,0.02926592861143649,5,200,0.006839241833692333,0.0013492038413469478,0.012943445004580485,0.99,0.014925373134328358
20260930,unrestricted,frequency_ppi,kidney_lineage,24,DSP|DST,COL17A1,3,0.002168665041916552,0.001418665041916552,-0.02829820056231447,0.0031413369159967175,0.0031936494791557912,0.0012034835652156774,0.0051927544818165215,2,200,0.002646234550870208,-0.0024203241324266766,0.00836279652298506,,
20260930,unrestricted,frequency_ppi,rcc,20,DSP|DST,COL17A1,3,0.002168665041916552,0.001418665041916552,-0.03581569981035981,0.003628427884621699,0.0036889729966278484,0.001238837464074275,0.006039823761343633,2,200,0.002646234550870208,-0.0024203241324266766,0.00836279652298506,,
20260930,unrestricted,frequency_ppi,ccrcc,12,DSP|DST,COL17A1,3,0.002168665041916552,0.001418665041916552,-0.03577553630839092,0.004515953368473102,0.004629165280965797,0.0006765889305593805,0.008302250048508463,2,200,0.002646234550870208,-0.0024203241324266766,0.00836279652298506,0.7,0.30845771144278605
20260930,unrestricted,static_cv_ppi,kidney_lineage,24,ARID1A|ATM|LAMA4|MECOM|SMARCA4|TP53,CREBBP,7,0.005517687867362652,0.003767687867362652,-0.01932559354218255,0.012113943936128635,0.007849474686216995,0.005487702328711208,0.018928107773347802,6,200,0.010584614642175416,0.0019015827639686348,0.017541951756957427,,
20260930,unrestricted,static_cv_ppi,rcc,20,ARID1A|ATM|LAMA4|MECOM|SMARCA4|TP53,CREBBP,7,0.005517687867362652,0.003767687867362652,-0.028186558369989845,0.011257569324991668,0.006558333454002696,0.003346478703935373,0.01893450472216552,6,200,0.010584614642175416,0.0019015827639686348,0.017541951756957427,,
20260930,unrestricted,static_cv_ppi,ccrcc,12,ARID1A|ATM|LAMA4|MECOM|SMARCA4|TP53,CREBBP,7,0.005517687867362652,0.003767687867362652,-0.02944389580376705,0.010847593873096972,0.00775273506564389,0.0020801338538545054,0.020097993339794784,6,200,0.010584614642175416,0.0019015827639686348,0.017541951756957427,0.52,0.48258706467661694
20260930,unrestricted,greedy_ppi,kidney_lineage,24,ATM|LAMA4|MECOM|SMARCA4|TP53,CREBBP,6,0.005323292774257893,0.0038232927742578933,-0.019943600406658435,0.011495937071652751,0.007592088336926928,0.0053012587301279794,0.018273938550161836,5,200,0.00995182363122804,0.002033398184696622,0.01565149717666408,,
20260930,unrestricted,greedy_ppi,rcc,20,ATM|LAMA4|MECOM|SMARCA4|TP53,CREBBP,6,0.005323292774257893,0.0038232927742578933,-0.029433800490513473,0.01001032720446804,0.005835832932384655,0.002984740891508742,0.017393142221705165,5,200,0.00995182363122804,0.002033398184696622,0.01565149717666408,,
20260930,unrestricted,greedy_ppi,ccrcc,12,ATM|LAMA4|MECOM|SMARCA4|TP53,CREBBP,6,0.005323292774257893,0.0038232927742578933,-0.031161747986433674,0.009129741690430349,0.0064793929458768496,0.0006781470563163131,0.01897606635952654,5,200,0.00995182363122804,0.002033398184696622,0.01565149717666408,0.43,0.572139303482587
20260930,unrestricted,beam_ppi,kidney_lineage,24,ATM|LAMA4|MECOM|SMARCA4|TP53,CREBBP,6,0.005323292774257893,0.0038232927742578933,-0.019943600406658435,0.011495937071652751,0.007592088336926928,0.004916125230845194,0.018165656011582907,5,200,0.00995182363122804,0.002033398184696622,0.01565149717666408,,
20260930,unrestricted,beam_ppi,rcc,20,ATM|LAMA4|MECOM|SMARCA4|TP53,CREBBP,6,0.005323292774257893,0.0038232927742578933,-0.029433800490513473,0.01001032720446804,0.005835832932384655,0.0027438150981801044,0.017495286012938496,5,200,0.00995182363122804,0.002033398184696622,0.01565149717666408,,
20260930,unrestricted,beam_ppi,ccrcc,12,ATM|LAMA4|MECOM|SMARCA4|TP53,CREBBP,6,0.005323292774257893,0.0038232927742578933,-0.031161747986433674,0.009129741690430349,0.0064793929458768496,0.0005348218937350776,0.01816580308768307,5,200,0.00995182363122804,0.002033398184696622,0.01565149717666408,0.43,0.572139303482587
20260930,tln1_seeded,frequency_ppi,kidney_lineage,24,TLN1,,1,0.00045998546768579585,0.00020998546768579584,-0.028719846345934164,0.0027196911323770223,0.002546127015033761,0.0008614207571561297,0.005097194951422295,1,1,0.003880697291189117,0.003880697291189117,0.003880697291189117,,
20260930,tln1_seeded,frequency_ppi,rcc,20,TLN1,,1,0.00045998546768579585,0.00020998546768579584,-0.03660230326842884,0.002841824426552675,0.0026432996908072326,0.0006617556139207161,0.00562562600025329,1,1,0.003880697291189117,0.003880697291189117,0.003880697291189117,,
20260930,tln1_seeded,frequency_ppi,ccrcc,12,TLN1,,1,0.00045998546768579585,0.00020998546768579584,-0.036410792385674906,0.003880697291189117,0.0036166460366791053,0.000854347521262279,0.008566772766593206,1,1,0.003880697291189117,0.003880697291189117,0.003880697291189117,1.0,
20260930,tln1_seeded,static_cv_ppi,kidney_lineage,24,AJUBA|CTNNA1|DSP|LATS2|TLN1,JUP|PKD1,7,0.0036393024247669647,0.0018893024247669647,-0.020749773392939597,0.01068976408537159,0.00940488072525203,0.006571752062341054,0.015483867948878188,5,200,0.008050386400065057,0.003782373808468842,0.014849850034252394,,
20260930,tln1_seeded,static_cv_ppi,rcc,20,AJUBA|CTNNA1|DSP|LATS2|TLN1,JUP|PKD1,7,0.0036393024247669647,0.0018893024247669647,-0.02872407812537392,0.010720049569607593,0.009236440082299069,0.0058920281740648985,0.015706233964777522,5,200,0.008050386400065057,0.003782373808468842,0.014849850034252394,,
20260930,tln1_seeded,static_cv_ppi,ccrcc,12,AJUBA|CTNNA1|DSP|LATS2|TLN1,JUP|PKD1,7,0.0036393024247669647,0.0018893024247669647,-0.025456890594563575,0.014834599082300448,0.01266013079277406,0.007371561141704142,0.023304169295658497,5,200,0.008050386400065057,0.003782373808468842,0.014849850034252394,0.95,0.05970149253731343
20260930,tln1_seeded,greedy_ppi,kidney_lineage,24,TLN1,,1,0.00045998546768579585,0.00020998546768579584,-0.028719846345934164,0.0027196911323770223,0.002546127015033761,0.0008394105033144142,0.00486151220331585,1,1,0.003880697291189117,0.003880697291189117,0.003880697291189117,,
20260930,tln1_seeded,greedy_ppi,rcc,20,TLN1,,1,0.00045998546768579585,0.00020998546768579584,-0.03660230326842884,0.002841824426552675,0.0026432996908072326,0.0007248165888777571,0.00569721724195772,1,1,0.003880697291189117,0.003880697291189117,0.003880697291189117,,
20260930,tln1_seeded,greedy_ppi,ccrcc,12,TLN1,,1,0.00045998546768579585,0.00020998546768579584,-0.036410792385674906,0.003880697291189117,0.0036166460366791053,0.0007109282558703674,0.008385785103025666,1,1,0.003880697291189117,0.003880697291189117,0.003880697291189117,1.0,
20260930,tln1_seeded,beam_ppi,kidney_lineage,24,AJUBA|ARHGEF7|LAMA4|TLN1|TP53,BCAR1|MAPK1|PXN,8,0.005766991656093081,0.003766991656093081,-0.013955837687441353,0.017483699790869833,0.014161487882347723,0.011155310018822496,0.02459326735289688,5,200,0.006839241833692333,0.0013492038413469478,0.012943445004580485,,
20260930,tln1_seeded,beam_ppi,rcc,20,AJUBA|ARHGEF7|LAMA4|TLN1|TP53,BCAR1|MAPK1|PXN,8,0.005766991656093081,0.003766991656093081,-0.02228306877239472,0.01716105892258679,0.013694334431222588,0.009787170769853358,0.025069310359582906,5,200,0.006839241833692333,0.0013492038413469478,0.012943445004580485,,
20260930,tln1_seeded,beam_ppi,ccrcc,12,AJUBA|ARHGEF7|LAMA4|TLN1|TP53,BCAR1|MAPK1|PXN,8,0.005766991656093081,0.003766991656093081,-0.02338805988907544,0.016903429787788582,0.013921842239518423,0.005722172079535898,0.028884635534696213,5,200,0.006839241833692333,0.0013492038413469478,0.012943445004580485,0.98,0.024875621890547265
