Gene,TCGA_train_mutation_count,TCGA_train_mutation_frequency,TCGA_expression_context_adjusted_smd,TCGA_methylation_context_adjusted_smd,TCGA_copy_number_context_adjusted_smd,TCGA_multiomics_support_count_abs_smd_ge_0_5,DepMap_all_modalities,dependency_available,dependency_observed_fraction,mutation_available,mutation_observed_fraction,expression_available,expression_observed_fraction,copy_number_available,copy_number_observed_fraction,DepMap_common_essential,pan_cancer_dependency_n,pan_cancer_dependency_median,pan_cancer_dependent_fraction_le_m0_5,rcc_dependency_n,rcc_dependency_median,rcc_dependent_fraction_le_m0_5,ccrcc_dependency_n,ccrcc_dependency_median,ccrcc_dependent_fraction_le_m0_5,non_kidney_dependency_n,non_kidney_dependency_median,non_kidney_dependent_fraction_le_m0_5,ccrcc_selectivity_delta_median,rcc_vhl_damaging_dependency_n,rcc_vhl_damaging_dependency_median,rcc_vhl_damaging_dependent_fraction_le_m0_5,rcc_vhl_wt_dependency_n,rcc_vhl_wt_dependency_median,rcc_vhl_wt_dependent_fraction_le_m0_5,rcc_vhl_dependency_delta_median,rcc_pbrm1_damaging_dependency_n,rcc_pbrm1_damaging_dependency_median,rcc_pbrm1_damaging_dependent_fraction_le_m0_5,rcc_pbrm1_wt_dependency_n,rcc_pbrm1_wt_dependency_median,rcc_pbrm1_wt_dependent_fraction_le_m0_5,rcc_pbrm1_dependency_delta_median,context_delta_r2_pan_cancer_alpha_10000,context_delta_r2_pan_cancer_alpha_100000,context_delta_r2_rcc_alpha_10000,context_delta_r2_rcc_alpha_100000,context_delta_r2_ccrcc_alpha_10000,context_delta_r2_ccrcc_alpha_100000,positive_context_metric_count,minimum_context_delta_r2,mean_context_delta_r2,stable_positive_all_scopes,ccrcc_functional_dependency,ccrcc_selective_dependency,tcga_multiomics_supported,priority_tier
TLN1,3,0.0192307692307692,-0.5881969007462822,0.5128335369238809,-0.9221514154673588,3,True,True,1.0,True,1.0,True,1.0,True,1.0,False,883,-0.3436716658782065,0.3171007927519819,20,-0.57345006988359,0.55,12,-0.57345006988359,0.5833333333333334,859,-0.3414952327925174,0.3119906868451688,-0.2319548370910726,15,-0.5845860083022782,0.6,5,-0.3310810347278689,0.4,-0.2535049735744094,7,-0.7000505999659381,0.7142857142857143,13,-0.3679061775929497,0.4615384615384615,-0.3321444223729884,0.0013743993625220596,0.0002864956531465759,0.04047829939671026,0.0076229545234005255,0.03926848467320531,0.007107758172277677,6,0.0002864956531465759,0.016023065296877068,True,True,True,True,A
TP53,6,0.0384615384615384,-0.1407374216679245,-0.138493489795394,-1.2928931961505965,1,True,True,1.0,True,1.0,True,1.0,True,1.0,False,883,0.2148030075402691,0.0033975084937712,20,0.6601743010179351,0.0,12,0.6601743010179351,0.0,859,0.2113674054162729,0.0034924330616996,0.4488068956016621,15,0.6287972776506561,0.0,5,1.232415109456029,0.0,-0.6036178318053729,7,0.3836958538072706,0.0,13,1.0356807342973675,0.0,-0.651984880490097,0.006820933903392798,0.0012919362741974586,0.08417888208723759,0.015529219312924796,0.0987302705523059,0.018683395359742106,6,0.0012919362741974586,0.03753910624830011,True,False,False,True,exploratory
TP53BP1,3,0.0192307692307692,-0.1217854350463839,0.2958636412974687,0.0808184525356254,0,True,True,1.0,True,1.0,True,1.0,True,1.0,False,883,-0.0890670793622178,0.014722536806342,20,0.1155931616287033,0.0,12,0.0945275814294134,0.0,859,-0.0931542578742726,0.0151338766006984,0.187681839303686,15,0.1077845746225183,0.0,5,0.1234017486348884,0.0,-0.0156171740123701,7,0.1077845746225183,0.0,13,0.1234017486348884,0.0,-0.0156171740123701,0.00653417010697426,0.0012515112925123946,0.09950913955036868,0.01861106352390747,0.1707591877419456,0.03285264046179103,6,0.0012515112925123946,0.054919618779583235,True,False,False,False,exploratory
ATF7IP,3,0.0192307692307692,-0.0437557043853893,0.6978186022371369,-0.4900924059064403,1,True,True,1.0,True,1.0,True,1.0,True,1.0,False,883,-0.0502903466717571,0.0226500566251415,20,0.0662244859320445,0.0,12,0.0692115544455837,0.0,859,-0.0538479447024506,0.0232828870779976,0.1230594991480343,15,0.0808772028439025,0.0,5,0.0575459060472649,0.0,0.0233312967966375,7,0.0558364936315447,0.0,13,0.0808772028439025,0.0,-0.0250407092123578,0.005271124596796082,0.0009126299523101136,0.11175000850152239,0.019263883200229405,0.14055042296860656,0.02429679643226054,6,0.0009126299523101136,0.050340810941954174,True,False,False,True,exploratory
GPATCH8,3,0.0192307692307692,-0.298034671102717,0.2417815119737377,0.297178144059472,0,True,True,1.0,True,1.0,True,1.0,True,1.0,False,883,-0.1904925571801931,0.0339750849377123,20,-0.0535266043834303,0.0,12,-0.1151332481656842,0.0,859,-0.193823277744335,0.0349243306169965,0.0786900295786507,15,-0.0537589581868022,0.0,5,-0.0250197341055566,0.0,-0.0287392240812456,7,-0.0532942505800585,0.0,13,-0.1086932740372832,0.0,0.0553990234572246,0.004098201033527898,0.0008154941449596198,0.09428327434200233,0.01714307744724528,0.1348136884853621,0.026272749257260364,6,0.0008154941449596198,0.04623774745172626,True,False,False,False,exploratory
ZNF638,3,0.0192307692307692,1.3328285101477002,-0.0412078719017323,1.6413365503698227,2,True,True,1.0,True,1.0,True,1.0,True,1.0,False,883,-0.1971453978348808,0.07361268403171,20,-0.409753664704681,0.25,12,-0.409753664704681,0.25,859,-0.1948709963968771,0.069848661233993,-0.2148826683078039,15,-0.3979445095845841,0.2666666666666666,5,-0.4215628198247779,0.2,0.0236183102401937,7,-0.2822208735354188,0.0,13,-0.4880876625570143,0.3846153846153846,0.2058667890215955,0.004003349860379586,0.0007938861543800569,0.03627209840081806,0.00696015166516831,0.0486944010782155,0.009011306203862007,6,0.0007938861543800569,0.017622532227137253,True,False,True,True,exploratory
ATM,6,0.0384615384615384,0.0902744375719774,-0.6733444111886152,-0.7180506183239993,2,True,True,1.0,True,1.0,True,1.0,True,1.0,False,883,-0.013041229561646,0.0056625141562853,20,0.1105055608941168,0.0,12,0.1220934793369343,0.0,859,-0.0156582798970812,0.0058207217694994,0.1377517592340155,15,0.1169229199373451,0.0,5,0.1040882018508885,0.0,0.0128347180864566,7,0.1272640387365235,0.0,13,0.085105348681004,0.0,0.0421586900555195,0.003752372947166095,0.0007366439743265861,0.06532926221390939,0.012020919998464141,0.1053666561169262,0.019217282522351234,6,0.0007366439743265861,0.03440385629552394,True,False,False,True,exploratory
LRPPRC,4,0.0256410256410256,-0.0862910909018894,-0.4044672297382297,0.0186309190240555,0,True,True,1.0,True,1.0,True,1.0,True,1.0,False,883,-0.5815495927365807,0.5968289920724802,20,-0.1918430441065703,0.2,12,-0.1847862414258363,0.0833333333333333,859,-0.5853233008441316,0.6041909196740396,0.4005370594182952,15,-0.1930618307265437,0.2,5,-0.0170099779679182,0.2,-0.1760518527586255,7,-0.1342300714951023,0.1428571428571428,13,-0.2882668984688114,0.2307692307692307,0.154036826973709,0.002635443754678265,0.0005439619390524491,0.07436091882303743,0.013993916086389393,0.13951986111299725,0.02450738882148786,6,0.0005439619390524491,0.042593581756273764,True,False,False,False,exploratory
PTPN13,4,0.0256410256410256,-1.5273454320687525,-0.7242728662525536,0.1188067265008719,2,True,True,1.0,True,1.0,True,1.0,True,1.0,False,883,0.0274228278765045,0.001132502831257,20,-0.014539356818287,0.0,12,-0.014539356818287,0.0,859,0.0294382966759393,0.0011641443538998,-0.0439776534942263,15,-0.0085241649272008,0.0,5,-0.0624711349444153,0.0,0.0539469700172145,7,-0.0386096001387657,0.0,13,-0.0085241649272008,0.0,-0.0300854352115649,0.0028656240311470435,0.00048387957038316083,0.06582324275138272,0.011317719682381294,0.061633669361373926,0.010419779484540202,6,0.00048387957038316083,0.025423985813534725,True,False,False,True,exploratory
NRIP1,3,0.0192307692307692,-0.2815198469963465,-0.3619911785281288,-0.2507922646593057,0,True,True,1.0,True,1.0,True,1.0,True,1.0,False,883,0.123527516930366,0.0,20,0.1780574724431302,0.0,12,0.1648708921023676,0.0,859,0.1224891295187601,0.0,0.0423817625836075,15,0.1709715293664975,0.0,5,0.1947565049749569,0.0,-0.0237849756084593,7,0.1445983686849722,0.0,13,0.1947565049749569,0.0,-0.0501581362899846,0.0027869006787716384,0.00047342661381304666,0.07683155105130995,0.01355546557184448,0.06194907607439889,0.011563716399864896,6,0.00047342661381304666,0.027860022731667152,True,False,False,False,exploratory
CDH8,3,0.0192307692307692,0.3930086314095383,-0.587323750641707,0.99536145938971,2,True,True,1.0,True,1.0,True,1.0,True,1.0,False,883,0.0759207329115189,0.0,20,0.1087609179192249,0.0,12,0.1087609179192249,0.0,859,0.0749739143631194,0.0,0.0337870035561055,15,0.0977232573229539,0.0,5,0.1387065431877516,0.0,-0.0409832858647977,7,0.1119174320428831,0.0,13,0.1063943748836751,0.0,0.0055230571592079,0.003405372645017327,0.00047220221529359325,0.04619172380175363,0.006684830381297086,0.025439705391947957,0.005017607354898928,6,0.00047220221529359325,0.014535240298368087,True,False,False,True,exploratory
XPO7,3,0.0192307692307692,0.4108986001807628,0.0552849192589798,0.3393467506582088,0,True,True,1.0,True,1.0,True,1.0,True,1.0,False,883,-0.026126767068252,0.0045300113250283,20,0.0330419935941721,0.0,12,0.0330419935941721,0.0,859,-0.0283335219189911,0.0046565774155995,0.0613755155131632,15,0.0187176409680228,0.0,5,0.3000292878134906,0.0,-0.2813116468454678,7,-0.0582054518441508,0.0,13,0.0477760837490467,0.0,-0.1059815355931975,0.0021493209739211795,0.00039814391309673266,0.0251286330942804,0.004837187156312123,0.013404194640758755,0.004792043985464617,6,0.00039814391309673266,0.008451587293972301,True,False,False,False,exploratory
PDE10A,3,0.0192307692307692,0.4673666563629833,-0.2982598935363607,0.3393105720005436,0,True,True,1.0,True,1.0,True,1.0,True,1.0,False,883,0.0382008709608985,0.0,20,-0.0313555457517802,0.0,12,-0.0094177802371922,0.0,859,0.0385810348757639,0.0,-0.0479988151129561,15,-0.0594781084966536,0.0,5,-0.0203912805339983,0.0,-0.0390868279626553,7,0.0015557200596139,0.0,13,-0.0594781084966536,0.0,0.0610338285562675,0.001875820710535183,0.0003859022098690635,0.04898694769744048,0.009667033056607289,0.0453097714864996,0.0092925939628205,6,0.0003859022098690635,0.01925301152062869,True,False,False,False,exploratory
PCNT,3,0.0192307692307692,-0.9210076180485298,-0.3494426060906157,0.0634058150911462,1,True,True,1.0,True,1.0,True,1.0,True,1.0,False,883,-0.1925059537939576,0.0577576443941109,20,-0.0776325565494981,0.0,12,-0.0524640705741406,0.0,859,-0.1934866647017156,0.059371362048894,0.141022594127575,15,-0.0812229707231486,0.0,5,-0.0344078837605986,0.0,-0.04681508696255,7,-0.0308859987724335,0.0,13,-0.0823835413452904,0.0,0.0514975425728568,0.0019581832679592182,0.00037783889901064097,0.07641270252287274,0.013649856839060216,0.08706520191312701,0.015070466569686601,6,0.00037783889901064097,0.03242237500195274,True,False,False,True,exploratory
ARHGAP35,3,0.0192307692307692,-0.2445551473480753,0.027634586881526,0.8847657107690738,1,True,True,1.0,True,1.0,True,1.0,True,1.0,False,883,0.1768691611862111,0.0,20,0.2683633293110022,0.0,12,0.305104720152114,0.0,859,0.1747661901111651,0.0,0.1303385300409489,15,0.2722938585943245,0.0,5,0.2612506098895865,0.0,0.0110432487047379,7,0.3017531513116303,0.0,13,0.2455068398630454,0.0,0.0562463114485848,0.001528512022311486,0.0003382599571698167,0.046817209556928654,0.008872165458041103,0.04993163545565586,0.008798117799070908,6,0.0003382599571698167,0.019380983374862975,True,False,False,True,exploratory
FLG,7,0.0448717948717948,-0.0808240534113072,-0.4378238859090493,0.0835461375212993,0,True,True,1.0,True,1.0,True,1.0,True,1.0,False,883,0.0182527495217214,0.0,20,0.0828722550593391,0.0,12,0.0946623410133594,0.0,859,0.017739080839691,0.0,0.0769232601736684,15,0.0581937128148137,0.0,5,0.1169167231621516,0.0,-0.0587230103473379,7,0.0879855275265218,0.0,13,0.0551237769479165,0.0,0.0328617505786053,0.0019266603701052342,0.00032457515962391425,0.05990786562074705,0.010392904995303123,0.07547349717356376,0.012210308623009007,6,0.00032457515962391425,0.026705968657058682,True,False,False,False,exploratory
NF2,3,0.0192307692307692,-1.779322454437154,0.0042782056909457,-1.4548418742216978,2,True,True,1.0,True,1.0,True,1.0,True,1.0,False,883,0.2891692126890077,0.014722536806342,20,0.4211556057459877,0.0,12,0.7276203611433161,0.0,859,0.2879242382891351,0.0151338766006984,0.4396961228541809,15,0.4225321127294111,0.0,5,0.3259310470641414,0.0,0.0966010656652697,7,0.836840723325726,0.0,13,0.3259310470641414,0.0,0.5109096762615846,0.001556836307800937,0.0003032134113427736,0.06688197187218432,0.011712324115601599,0.07635485924177204,0.012626931611855097,6,0.0003032134113427736,0.028239356093426125,True,False,False,True,exploratory
MECOM,3,0.0192307692307692,-0.3064429944320938,0.9052229302896478,-0.674844854961914,2,True,True,1.0,True,1.0,True,1.0,True,1.0,False,883,-0.0049437631925643,0.0203850509626274,20,0.0767837986764072,0.0,12,0.0603120332248449,0.0,859,-0.0074911418804561,0.0209545983701979,0.067803175105301,15,0.0896003280302678,0.0,5,0.0381007593839295,0.0,0.0514995686463383,7,0.0381007593839295,0.0,13,0.104078791722586,0.0,-0.0659780323386565,0.0015708667600416064,0.0002836900340406102,0.11689479498921596,0.020587665085581207,0.16577669534895118,0.029293199418554305,6,0.0002836900340406102,0.05573448527273081,True,False,False,True,exploratory
PCSK9,3,0.0192307692307692,-0.5350334673906735,1.589568824903071,0.6495525504742121,3,True,True,1.0,True,1.0,True,1.0,True,1.0,False,883,-0.1845683836025996,0.015855039637599,20,-0.2721229832404893,0.0,12,-0.2458467984811632,0.0,859,-0.1830286400793822,0.0162980209545983,-0.062818158401781,15,-0.293878408225971,0.0,5,-0.2557133636696517,0.0,-0.0381650445563193,7,-0.2171130885895769,0.0,13,-0.293878408225971,0.0,0.0767653196363941,0.0013965521265084956,0.0002801345781430771,0.06577867661441834,0.011463114847595816,0.07717211691703417,0.013799429736380006,6,0.0002801345781430771,0.02831500413667998,True,False,False,True,exploratory
NRXN1,5,0.032051282051282,-0.1387987325170598,0.7204855200522786,0.1310606719960027,1,True,True,1.0,True,1.0,True,1.0,True,1.0,False,883,-0.0287732996673356,0.0,20,-0.0631409656130848,0.0,12,-0.0709034953290914,0.0,859,-0.0286722529135294,0.0,-0.042231242415562,15,-0.0503855651595533,0.0,5,-0.0783526937768149,0.0,0.0279671286172616,7,-0.0076332021062805,0.0,13,-0.0650628714389809,0.0,0.0574296693327004,0.0018091877618888607,0.00027903363275069595,0.12539312295880087,0.01933471233479724,0.032800893238595565,0.004694646483231315,6,0.00027903363275069595,0.030718599401677423,True,False,False,True,exploratory
HECW2,3,0.0192307692307692,-0.2736666895731025,-0.2367870769888303,0.7208516184113127,1,True,True,1.0,True,1.0,True,1.0,True,1.0,False,883,-0.0181304992349468,0.001132502831257,20,0.0452559740035519,0.0,12,0.0489503276071964,0.0,859,-0.0189808949709194,0.0011641443538998,0.0679312225781157,15,0.0436643200863124,0.0,5,0.1069394058397382,0.0,-0.0632750857534258,7,0.0510530272936014,0.0,13,0.0352254280138416,0.0,0.0158275992797598,0.0019192929202057484,0.00026624325978612647,0.051861867746935617,0.007076853678067692,0.049114709948320595,0.006685536783441985,6,0.00026624325978612647,0.019487417389459628,True,False,False,True,exploratory
SMARCA4,5,0.032051282051282,-0.5452792873370564,-0.0336212346685338,-1.7344036389151032,2,True,True,1.0,True,1.0,True,1.0,True,1.0,False,883,-0.2677623587846323,0.2412231030577576,20,-0.1108434771060197,0.1,12,-0.1647836471893026,0.0833333333333333,859,-0.2702212272340664,0.2433061699650756,0.1054375800447637,15,-0.1389287197661704,0.0666666666666666,5,0.0053961868838137,0.2,-0.1443249066499841,7,-0.0827582344458691,0.0,13,-0.1389287197661704,0.1538461538461538,0.0561704853203013,0.001448554366740504,0.0002659936068104516,0.0789712695486097,0.014040771357885402,0.11070654602155884,0.01956803551005285,6,0.0002659936068104516,0.037500195068609625,True,False,False,True,exploratory
NPHP3,3,0.0192307692307692,-0.0462012030817532,1.52074107498513,-0.2951019729951567,1,True,True,1.0,True,1.0,True,1.0,True,1.0,False,883,-0.0407727471068285,0.0022650056625141,20,-0.0071773240441196,0.0,12,-0.0074111569553292,0.0,859,-0.0416242379784919,0.0023282887077997,0.0342130810231627,15,0.0188680910625477,0.0,5,-0.0544512141140003,0.0,0.073319305176548,7,0.0205438956400648,0.0,13,-0.0118499162401713,0.0,0.0323938118802361,0.0018387386553257996,0.0002655306717578493,0.025273193664070645,0.004517147432338745,0.024536057292595108,0.004323855330453133,6,0.0002655306717578493,0.010125753841090214,True,False,False,True,exploratory
LRP2,6,0.0384615384615384,0.2352542883324813,0.3010381876464557,-0.1058800398615738,0,True,True,1.0,True,1.0,True,1.0,True,1.0,False,883,-0.1249545371303837,0.0067950169875424,20,-0.1639431597361827,0.05,12,-0.1515742302575586,0.0833333333333333,859,-0.1237890832575524,0.0058207217694994,-0.0277851470000062,15,-0.1754970617045413,0.0666666666666666,5,-0.1519143802877955,0.0,-0.0235826814167458,7,-0.2378382899564458,0.0,13,-0.1523892577678242,0.0769230769230769,-0.0854490321886216,0.001123773289865386,0.0002515049135231025,0.020593942344424188,0.00479344907169517,0.009436927956493759,0.0036368084807832475,6,0.0002515049135231025,0.006639401009464141,True,False,False,False,exploratory
BIRC6,5,0.032051282051282,0.3587039322529672,-0.1324461514641041,-0.3558447528730417,0,True,True,1.0,True,1.0,True,1.0,True,1.0,False,883,-0.3673903225633486,0.2887882219705549,20,-0.1974990681870673,0.1,12,-0.1974990681870673,0.0833333333333333,859,-0.3713517685108833,0.2945285215366705,0.1738527003238159,15,-0.2130111337028687,0.1333333333333333,5,-0.0838269091281979,0.0,-0.1291842245746708,7,-0.2886020708270565,0.0,13,-0.181987002671266,0.1538461538461538,-0.1066150681557905,0.001350521701111347,0.00024422967700469075,0.07273162486404522,0.01278609952766507,0.08264682502612758,0.01450512808692487,6,0.00024422967700469075,0.030710738147146463,True,False,False,False,exploratory
DHX29,3,0.0192307692307692,-0.584264928385302,0.5999841293780921,-0.5345039747925082,3,True,True,1.0,True,1.0,True,1.0,True,1.0,False,883,-0.0836405163491185,0.1132502831257078,20,0.057502939379862,0.0,12,0.0531769140624696,0.0,859,-0.0874758417485205,0.1152502910360884,0.1406527558109901,15,0.0257461736694392,0.0,5,0.2272664855779536,0.0,-0.2015203119085143,7,0.0806076544555,0.0,13,0.034398224304224,0.0,0.046209430151276,0.0012190746397382228,0.00023646035607736223,0.0638402046001519,0.01157185012305037,0.04071904701179214,0.008288079216760244,6,0.00023646035607736223,0.02097911932459504,True,False,False,True,exploratory
MYH1,3,0.0192307692307692,0.0342421314393196,0.2043637801242336,-0.1239628264325702,0,True,True,1.0,True,1.0,True,1.0,True,1.0,False,883,0.0825021236251271,0.0,20,0.0703803881142779,0.0,12,0.0803848386619431,0.0,859,0.0825176942188344,0.0,-0.0021328555568912,15,0.0707393653581923,0.0,5,0.0415428764243468,0.0,0.0291964889338454,7,0.0700214108703635,0.0,13,0.0980274557543207,0.0,-0.0280060448839572,0.0018086750376214075,0.00022793295691046092,0.08311591302422949,0.010600515545126516,0.11268005588301669,0.014175028153827055,6,0.00022793295691046092,0.03710135343345527,True,False,False,False,exploratory
EIF3L,3,0.0192307692307692,-1.4462353106198098,-0.5225513090593982,-1.7623064245841975,3,True,True,1.0,True,1.0,True,1.0,True,1.0,False,883,-0.3668439930751311,0.2287655719139298,20,-0.2216467285528494,0.05,12,-0.1864952753356347,0.0,859,-0.3679616070875121,0.2305005820721769,0.1814663317518773,15,-0.2338954961559755,0.0,5,-0.2093979609497233,0.2,-0.0244975352062521,7,-0.2434486138292694,0.0,13,-0.2093979609497233,0.0769230769230769,-0.0340506528795461,0.001088274730093962,0.0002257160927560755,0.07563477241634618,0.013393949915098012,0.09762817127242752,0.016278471037948144,6,0.0002257160927560755,0.034041559244111654,True,False,False,True,exploratory
PIK3CA,3,0.0192307692307692,-0.7751407747709144,-0.6339579035102344,0.1749807389032578,2,True,True,1.0,True,1.0,True,1.0,True,1.0,False,883,-0.4310065154273987,0.3850509626274065,20,-0.3185262393654912,0.1,12,-0.2495250284743982,0.0833333333333333,859,-0.4342613310898934,0.3923166472642607,0.1847363026154952,15,-0.3494929282157078,0.1333333333333333,5,-0.3016853699840031,0.0,-0.0478075582317047,7,-0.3494929282157078,0.1428571428571428,13,-0.3143555286834054,0.0769230769230769,-0.0351373995323024,0.0011719920702464369,0.0002244332271379135,0.09084943206223732,0.01659005528814775,0.11011766587467665,0.019541564022361187,6,0.0002244332271379135,0.039749190424134544,True,False,False,True,exploratory
ABCC9,4,0.0256410256410256,0.5096737135246157,-0.2114569495555781,-0.4501726460199981,1,True,True,1.0,True,1.0,True,1.0,True,1.0,False,883,0.0182473684788324,0.0,20,-0.012721669713548,0.0,12,-0.0215707133457767,0.0,859,0.0186712156928108,0.0,-0.0402419290385875,15,-0.0061062081388884,0.0,5,-0.0583000782692201,0.0,0.0521938701303317,7,-0.0576647446400199,0.0,13,-0.0061062081388884,0.0,-0.0515585365011315,0.0014418602886140156,0.00021281049915746852,0.06364982351739391,0.00919097471988512,0.12620660670437256,0.01728754377122407,6,0.00021281049915746852,0.036331603250107855,True,False,False,True,exploratory
BRD7,3,0.0192307692307692,-0.9300622783819568,0.2608614970808803,0.2960252290009292,1,True,True,1.0,True,1.0,True,1.0,True,1.0,False,883,-0.2940517246476916,0.1268403171007927,20,-0.1978497844013567,0.05,12,-0.1988911743611073,0.0833333333333333,859,-0.2952621393878596,0.1280558789289872,0.0963709650267522,15,-0.1985442770720608,0.0666666666666666,5,-0.1717347443332408,0.0,-0.02680953273882,7,-0.1985442770720608,0.0,13,-0.1971552917306527,0.0769230769230769,-0.0013889853414081,0.0009128656450321562,0.00020443144435088815,0.034473262117304095,0.007100970908645748,0.03531573785643833,0.007554950994810999,6,0.00020443144435088815,0.014260369827763702,True,False,False,True,exploratory
SPTAN1,3,0.0192307692307692,-0.0680784964184996,0.1373878875634228,0.5606270394412969,1,True,True,1.0,True,1.0,True,1.0,True,1.0,False,883,-0.1635667471936045,0.0113250283125707,20,-0.2091749151302623,0.0,12,-0.1971909831680615,0.0,859,-0.1618851628670165,0.0116414435389988,-0.0353058203010449,15,-0.2152010203409285,0.0,5,-0.1347648257986302,0.0,-0.0804361945422983,7,-0.2935714363012167,0.0,13,-0.1762534390929273,0.0,-0.1173179972082893,0.0010109835478502409,0.0002019796400439939,0.03832384821358831,0.007727867208670928,0.0216050618860746,0.006968545299814679,6,0.0002019796400439939,0.012639714299340458,True,False,False,True,exploratory
CDAN1,3,0.0192307692307692,0.159497001119089,0.1614064323507441,-0.4461086220869677,0,True,True,1.0,True,1.0,True,1.0,True,1.0,False,883,-0.7916990309027923,0.6693091732729332,20,-0.4888358846342,0.45,12,-0.4943686321174939,0.5,859,-0.8050607614701966,0.6728754365541327,0.3106921293527027,15,-0.443090699107828,0.4,5,-0.5247280265267122,0.6,0.0816373274188842,7,-0.4818135720617306,0.2857142857142857,13,-0.5069236921732572,0.5384615384615384,0.0251101201115265,0.0007315817017043836,0.00019123381666118246,0.04105324071127817,0.008839989741444452,0.025741890430889505,0.007028117679281913,6,0.00019123381666118246,0.013931009013543267,True,False,False,False,exploratory
CDK13,3,0.0192307692307692,0.7084516572023051,0.1548373131606989,0.4860955181892153,1,True,True,1.0,True,1.0,True,1.0,True,1.0,False,883,-0.0617163067171128,0.0509626274065685,20,0.0115180729465956,0.0,12,-0.0835997086658553,0.0,859,-0.0637912796118831,0.0523864959254947,-0.0198084290539722,15,0.0922747010375032,0.0,5,-0.1368222021043145,0.0,0.2290969031418177,7,-0.1368222021043145,0.0,13,0.1000258648689937,0.0,-0.2368480669733082,0.0007810096568379273,0.00018716850795478303,0.03892451247972238,0.008436255153299942,0.004118478066809249,0.004548957975239106,6,0.00018716850795478303,0.009499396973310564,True,False,False,True,exploratory
ARHGAP5,4,0.0256410256410256,-0.9734624196322323,0.2430154613503717,0.0608129715480933,1,True,True,1.0,True,1.0,True,1.0,True,1.0,False,883,-0.098012521561208,0.0079275198187995,20,-0.0569697534015194,0.0,12,-0.0266613189042883,0.0,859,-0.0985790713868355,0.0081490104772991,0.0719177524825472,15,-0.0427728707208326,0.0,5,-0.1149150353391887,0.0,0.0721421646183561,7,-0.0711666360822064,0.0,13,-0.0427728707208326,0.0,-0.0283937653613738,0.0009014290859466062,0.00018053710480581668,0.008512970599104861,0.0029351703184089324,0.03357889817367976,0.007704186521499184,6,0.00018053710480581668,0.008968865300574193,True,False,False,True,exploratory
DNAJC10,3,0.0192307692307692,-0.7111627639641052,-0.2208185199562715,0.8472519697924364,2,True,True,1.0,True,1.0,True,1.0,True,1.0,False,883,-0.0753926414962235,0.0022650056625141,20,-0.0431706702959136,0.0,12,-0.0928556150805004,0.0,859,-0.0760322820493148,0.0023282887077997,-0.0168233330311856,15,-0.0898732669855252,0.0,5,0.0330889360931402,0.0,-0.1229622030786654,7,0.0233593753510642,0.0,13,-0.0619963439409555,0.0,0.0853557192920197,0.0010616435134419655,0.0001794826157352067,0.02953756018688203,0.005446821304433026,0.015166966881994306,0.003737509785134585,6,0.0001794826157352067,0.00918833071460352,True,False,False,True,exploratory
KIF13B,3,0.0192307692307692,-0.7301731392652567,0.7816481918669989,0.3449790254369597,2,True,True,1.0,True,1.0,True,1.0,True,1.0,False,883,-0.0592380896643331,0.0,20,-0.0306677444328319,0.0,12,-0.0105214136419407,0.0,859,-0.0593572574038928,0.0,0.048835843761952,15,-0.0631547418431922,0.0,5,0.0202492715858412,0.0,-0.0834040134290333,7,0.0059095699005021,0.0,13,-0.0631547418431922,0.0,0.0690643117436942,0.0011076359305611004,0.00017770028694106106,0.044852456795105515,0.008182663106391149,0.07033392394689644,0.011806302702077,6,0.00017770028694106106,0.022743447127995378,True,False,False,True,exploratory
MYO18A,4,0.0256410256410256,-0.0583457332948317,0.5983246817778862,0.240073376249232,1,True,True,1.0,True,1.0,True,1.0,True,1.0,False,883,-0.305718698914798,0.0781426953567383,20,-0.3780334859953055,0.1,12,-0.3754874547136267,0.0833333333333333,859,-0.3039160974007089,0.0779976717112922,-0.0715713573129178,15,-0.3787775435212605,0.0666666666666666,5,-0.3406260710740383,0.2,-0.0381514724472221,7,-0.3600260822302555,0.0,13,-0.4184883942657922,0.1538461538461538,0.0584623120355367,0.0009382886118106409,0.00017292715352804067,0.058531722455056646,0.01009414813697955,0.07525428095887773,0.013410984185315956,6,0.00017292715352804067,0.026400391916928095,True,False,False,True,exploratory
MARK1,3,0.0192307692307692,-0.622802124171304,0.136863337990865,1.2503950104868733,2,True,True,1.0,True,1.0,True,1.0,True,1.0,False,883,-0.0515427716229783,0.0022650056625141,20,-0.0157652895508386,0.0,12,-0.0632296949642801,0.0,859,-0.0522186367083566,0.0023282887077997,-0.0110110582559235,15,-0.0535625935331364,0.0,5,0.0430254507851319,0.0,-0.0965880443182683,7,-0.0154799351514808,0.0,13,-0.0160506439501964,0.0,0.0005707087987156,0.001030337905132722,0.00016808093568922212,0.0180624163142327,0.003215593139132548,0.005532002964761994,0.001913329916456806,6,0.00016808093568922212,0.004986960195900998,True,False,False,True,exploratory
SACS,4,0.0256410256410256,-0.0963498288309587,-0.0495774676122692,0.1777234700591639,0,True,True,1.0,True,1.0,True,1.0,True,1.0,False,883,-0.1431066302474634,0.0271800679501698,20,-0.1925426730988735,0.15,12,-0.2785245509489997,0.1666666666666666,859,-0.1415719040538858,0.0244470314318975,-0.1369526468951139,15,-0.1891127272636283,0.1333333333333333,5,-0.1959726189341187,0.2,0.0068598916704903,7,-0.1891127272636283,0.2857142857142857,13,-0.1959726189341187,0.0769230769230769,0.0068598916704903,0.000846942416972416,0.00016402327846390185,0.0167991831932369,0.0035433317473718517,0.013481588495671602,0.002963072997976124,6,0.00016402327846390185,0.0062996903549488,True,False,True,False,exploratory
ZFPM2,4,0.0256410256410256,-0.9186310468562628,-0.1047460472705133,-0.0358497303964063,1,True,True,1.0,True,1.0,True,1.0,True,1.0,False,883,0.0460935233077441,0.0,20,-0.0014542059655317,0.0,12,0.0027173868196033,0.0,859,0.0467087419295055,0.0,-0.0439913551099021,15,0.0164769608972535,0.0,5,-0.0512823624175372,0.0,0.0677593233147907,7,-0.0512823624175372,0.0,13,0.0248201464675238,0.0,-0.076102508885061,0.001001718138714315,0.0001634195162507966,0.04254613609989806,0.00721578245288507,0.04357484614724068,0.008226512052296691,6,0.0001634195162507966,0.017121402401214268,True,False,False,True,exploratory
EPHA6,3,0.0192307692307692,0.1137807419140834,0.250884024910338,0.3260953198100958,0,True,True,1.0,True,1.0,True,1.0,True,1.0,False,883,0.0322276654337739,0.001132502831257,20,0.0514422628080597,0.0,12,0.0517045986995316,0.0,859,0.0319472362474188,0.0011641443538998,0.0197573624521128,15,0.0546171394582448,0.0,5,-0.0028297802807075,0.0,0.0574469197389523,7,0.1247471778089618,0.0,13,0.0487920579408184,0.0,0.0759551198681434,0.0008511411216432472,0.0001630980214137488,0.045873360448032724,0.008683202672498003,0.04799095295285919,0.009258228858320023,6,0.0001630980214137488,0.018803330679127823,True,False,False,False,exploratory
CFTR,3,0.0192307692307692,-0.217223484286515,-0.179655701699899,0.4004415154409843,0,True,True,1.0,True,1.0,True,1.0,True,1.0,False,883,0.0678520759353216,0.001132502831257,20,0.0848365112165983,0.0,12,0.1016079960400897,0.0,859,0.0667352692855297,0.0011641443538998,0.03487272675456,15,0.0858456282970355,0.0,5,0.0740344171655072,0.0,0.0118112111315283,7,0.0634904046174519,0.0,13,0.117370363783144,0.0,-0.0538799591656921,0.0008870983032572574,0.0001630472106491557,0.018030159784000552,0.003414166141665271,0.03306041856685852,0.00567917959866728,6,0.0001630472106491557,0.01020567826751634,True,False,False,False,exploratory
CACNA1C,4,0.0256410256410256,0.0814604141158356,0.4000464168456398,-0.3252803157762747,0,True,True,1.0,True,1.0,True,1.0,True,1.0,False,883,-0.015086258602364,0.001132502831257,20,-0.0286752505960697,0.0,12,-0.0286752505960697,0.0,859,-0.015086258602364,0.0011641443538998,-0.0135889919937057,15,-0.0643225634571977,0.0,5,0.0048862300039224,0.0,-0.06920879346112,7,-0.0859549900445616,0.0,13,0.0048862300039224,0.0,-0.090841220048484,0.0009476080727198263,0.00015228382285412844,0.029505299607995472,0.004875929610224568,0.01847005448795942,0.004628331004111154,6,0.00015228382285412844,0.009763251100977428,True,False,False,False,exploratory
GOLGA3,3,0.0192307692307692,-0.0116801750455082,-1.2962763022285722,-0.4157138637733181,1,True,True,1.0,True,1.0,True,1.0,True,1.0,False,883,-0.0785549353116173,0.0033975084937712,20,-0.120284274689599,0.0,12,-0.1090075450088666,0.0,859,-0.0770037666125217,0.0034924330616996,-0.0320037783963449,15,-0.1407086908535083,0.0,5,-0.0788663681697558,0.0,-0.0618423226837524,7,-0.0867980294129161,0.0,13,-0.1236184140321226,0.0,0.0368203846192065,0.0011528785220095547,0.00014771647397333968,0.007510042413220872,0.0009849259983908056,0.014719018701033771,0.0018566433318001094,6,0.00014771647397333968,0.004395204240071409,True,False,False,True,exploratory
LATS2,3,0.0192307692307692,-0.3502700816010625,-0.0894878492501943,0.1100829637299886,0,True,True,1.0,True,1.0,True,1.0,True,1.0,False,883,-0.0324379816976814,0.0033975084937712,20,0.0543136399458041,0.0,12,0.1972815412995296,0.0,859,-0.0342404866328549,0.0034924330616996,0.2315220279323845,15,0.0495173817874712,0.0,5,0.0652343519524057,0.0,-0.0157169701649345,7,0.2484734790214454,0.0,13,0.0250019644227492,0.0,0.2234715145986961,0.0005919552776979445,0.0001441178003036567,0.027787238294523283,0.006143069194761308,0.04073938113535564,0.0075589925437304474,6,0.0001441178003036567,0.013827459041062048,True,False,False,False,exploratory
ERBIN,3,0.0192307692307692,-0.934772602451278,-0.6276110629173574,-0.6095602378162457,3,True,True,1.0,True,1.0,True,1.0,True,1.0,False,883,-0.0705897241821165,0.0022650056625141,20,-0.044469183255219,0.0,12,-0.0201804820335415,0.0,859,-0.0719277407555115,0.0023282887077997,0.0517472587219699,15,-0.0401343721429664,0.0,5,-0.0488039943674717,0.0,0.0086696222245053,7,0.035771042021366,0.0,13,-0.0600607784532825,0.0,0.0958318204746485,0.0006068648731651437,0.00014066006564047404,0.02446143414827188,0.0051531213675592175,0.055609149473475915,0.009815416618042777,6,0.00014066006564047404,0.0159644410910259,True,False,False,True,exploratory
HERC2,4,0.0256410256410256,-1.0414452396877514,1.05420475963344,0.0525286143263353,2,True,True,1.0,True,1.0,True,1.0,True,1.0,False,883,-0.1002954347162359,0.0101925254813137,20,0.0162575134055949,0.0,12,0.0162575134055949,0.0,859,-0.1018790791334227,0.0104772991850989,0.1181365925390175,15,0.0144246738935575,0.0,5,0.0542612206292063,0.0,-0.0398365467356488,7,0.0542612206292063,0.0,13,0.0144246738935575,0.0,0.0398365467356488,0.0007676804277760598,0.00012889216535448515,0.027407023736535308,0.004664035888761763,0.03487842395094101,0.005667136084269253,6,0.00012889216535448515,0.012252198708939647,True,False,False,True,exploratory
NAV1,3,0.0192307692307692,-0.5446991058127213,-0.0884930533782727,-0.1420753547646622,1,True,True,1.0,True,1.0,True,1.0,True,1.0,False,883,-0.1996253546835416,0.0249150622876557,20,-0.2575904447870027,0.0,12,-0.2575904447870027,0.0,859,-0.1982283121572549,0.0256111757857974,-0.0593621326297478,15,-0.2639775865486464,0.0,5,-0.1913979154190096,0.0,-0.0725796711296367,7,-0.2349079624379135,0.0,13,-0.2639775865486464,0.0,0.0290696241107328,0.0005293113014818256,0.00012778575797898608,0.03540128795047267,0.007825860032708926,0.025243506284689698,0.006414105016164505,6,0.00012778575797898608,0.012590309390582768,True,False,False,True,exploratory
UBA5,3,0.0192307692307692,0.3911905662159357,0.1689634535925763,0.1680353858398711,0,True,True,1.0,True,1.0,True,1.0,True,1.0,False,883,-0.5166023697919537,0.5266138165345413,20,-0.6728051215807354,0.7,12,-0.7508680208328837,0.75,859,-0.513456882333664,0.5238649592549476,-0.2374111384992197,15,-0.8573226062448329,0.8,5,-0.3805444492513073,0.4,-0.4767781569935256,7,-0.6444134354209344,0.8571428571428571,13,-0.7011968077405363,0.6153846153846154,0.0567833723196018,0.00042966759504091325,0.00012720248042113468,0.036338148193888815,0.0066117231194878666,0.04335474241253746,0.00781914102774721,6,0.00012720248042113468,0.015780104138187232,True,True,True,False,exploratory
KIF14,3,0.0192307692307692,-0.3901962301202853,0.4764730383130252,-0.6873274955263282,1,True,True,1.0,True,1.0,True,1.0,True,1.0,False,883,-0.4309212146013201,0.3510758776896942,20,-0.3188406024220196,0.1,12,-0.3074269118064264,0.1666666666666666,859,-0.4349428769095098,0.3573923166472643,0.1275159651030833,15,-0.3207278687596647,0.1333333333333333,5,-0.2847674709135284,0.0,-0.0359603978461363,7,-0.2847674709135284,0.0,13,-0.3540407097954149,0.1538461538461538,0.0692732388818865,0.0004255363842002189,0.0001233838127880171,0.09368123041703778,0.016694754655334612,0.06454239728826104,0.012229699977534352,6,0.0001233838127880171,0.031282833755859336,True,False,False,True,exploratory
SMARCC2,3,0.0192307692307692,0.1495218824918017,-0.9602110205128738,-0.3302197668853312,1,True,True,1.0,True,1.0,True,1.0,True,1.0,False,883,-0.2438202758374492,0.0317100792751981,20,-0.296148998178193,0.1,12,-0.2747442947254103,0.0,859,-0.2435400322738551,0.029103608847497,-0.0312042624515551,15,-0.3148123923286913,0.0666666666666666,5,-0.2330633272208222,0.2,-0.081749065107869,7,-0.2303000404570364,0.1428571428571428,13,-0.3319614186905243,0.0769230769230769,0.1016613782334879,0.0007011769875872473,0.0001221835456237935,0.02625679035691566,0.004525097430224645,0.026705831885023207,0.005366813377871882,6,0.0001221835456237935,0.010612982263874407,True,False,False,True,exploratory
ANKRD11,3,0.0192307692307692,0.8268929212116669,-0.2010948929170466,0.64737564554694,2,True,True,1.0,True,1.0,True,1.0,True,1.0,False,883,-0.204908177719643,0.1007927519818799,20,-0.2601143091326839,0.1,12,-0.341727057282863,0.1666666666666666,859,-0.2040851503273415,0.1001164144353899,-0.1376419069555215,15,-0.3316089648686433,0.1333333333333333,5,-0.1530579170774767,0.0,-0.1785510477911665,7,-0.071014771471119,0.1428571428571428,13,-0.3316089648686433,0.0769230769230769,0.2605941933975242,0.0006740378840632891,0.00011493771904200418,0.008867012131767672,0.0020461614780905813,0.009189901214200524,0.002007610294332258,6,0.00011493771904200418,0.0038166101202493884,True,False,True,True,exploratory
NLRP2,4,0.0256410256410256,-0.1750477293803127,0.0067878316187354,-0.1044739685449412,0,True,True,1.0,True,1.0,True,1.0,True,1.0,False,883,0.0735359712159803,0.0,20,0.0317549239982298,0.0,12,0.067818935266864,0.0,859,0.0740646808929043,0.0,-0.0062457456260402,15,0.0525717677393241,0.0,5,-0.0270247907709,0.0,0.0795965585102241,7,-0.0602879183382952,0.0,13,0.0525717677393241,0.0,-0.1128596860776193,0.0007435141427252608,0.00011295178923237506,0.023433134395613273,0.0034436056762758146,0.011036024214872205,0.0019216380013930899,6,0.00011295178923237506,0.006781811370018671,True,False,False,False,exploratory
MTSS1,3,0.0192307692307692,0.7088474565925397,-0.7301460145785156,-0.4288165102747381,2,True,True,1.0,True,1.0,True,1.0,True,1.0,False,883,0.0314087763432224,0.0022650056625141,20,0.0846502312494089,0.0,12,0.0669490888878825,0.0,859,0.0302956650223921,0.0023282887077997,0.0366534238654904,15,0.0808860618767887,0.0,5,0.1697965646480286,0.0,-0.0889105027712398,7,0.0503895332890222,0.0,13,0.0884144006220292,0.0,-0.0380248673330069,0.0004956234850536913,0.00010315721240361557,0.02049092702656375,0.004018554792813912,0.05071256009505294,0.008922389526021467,6,0.00010315721240361557,0.014123868689651563,True,False,False,True,exploratory
TIAM1,3,0.0192307692307692,-0.3438940631672995,-0.6291005895291876,0.1644739600029256,1,True,True,1.0,True,1.0,True,1.0,True,1.0,False,883,-0.1176031383543468,0.001132502831257,20,-0.1384168845362759,0.0,12,-0.1827430404446173,0.0,859,-0.1169501261112072,0.0011641443538998,-0.0657929143334101,15,-0.1176513241306341,0.0,5,-0.2487931212538208,0.0,0.1311417971231867,7,-0.2066200694510519,0.0,13,-0.1359022779976506,0.0,-0.0707177914534013,0.0003913480193524532,9.34452840092881e-05,0.002195050164676861,0.0013843015480375488,0.012760940079171905,0.0026120085001125276,6,9.34452840092881e-05,0.003239515599226764,True,False,False,True,exploratory
ABCA1,4,0.0256410256410256,0.4629451742900877,-0.766308918590697,-0.0620023697201096,1,True,True,1.0,True,1.0,True,1.0,True,1.0,False,883,0.0101192267414286,0.001132502831257,20,-0.0073542899299161,0.0,12,-0.0070541983873259,0.0,859,0.0112996087735111,0.0011641443538998,-0.018353807160837,15,0.0163333908469374,0.0,5,-0.0082059061026568,0.0,0.0245392969495941,7,-0.0315792896521317,0.0,13,0.0163333908469374,0.0,-0.0479126804990691,0.0004938438162392288,8.577258334031841e-05,0.02709657860557155,0.004389319384005371,0.06736309616490378,0.010978629773549934,6,8.577258334031841e-05,0.018401206721268364,True,False,False,True,exploratory
ASCC3,3,0.0192307692307692,-0.9890703463493408,-0.2896976704387402,0.4366430618296282,1,True,True,1.0,True,1.0,True,1.0,True,1.0,False,883,-0.3917093057692132,0.3148357870894677,20,-0.2936646266253957,0.25,12,-0.2928286569104725,0.0833333333333333,859,-0.3936551363758168,0.3178114086146682,0.1008264794653442,15,-0.2888556774312217,0.2666666666666666,5,-0.3254378927511915,0.2,0.0365822153199698,7,-0.3066823172106663,0.0,13,-0.2871837380013753,0.3846153846153846,-0.0194985792092909,0.0003277249810871753,7.634727747608718e-05,0.017495337148267325,0.0032328611590387753,0.05788339721904561,0.009378652941462054,6,7.634727747608718e-05,0.014732386787729505,True,False,False,True,exploratory
ARHGAP26,3,0.0192307692307692,0.195877942027383,-0.0163878622433442,0.4768648906234679,0,True,True,1.0,True,1.0,True,1.0,True,1.0,False,883,0.0288410514277038,0.0,20,-0.0536182472512845,0.0,12,-0.0588848114375025,0.0,859,0.029964491889947,0.0,-0.0888493033274495,15,-0.0376140688464362,0.0,5,-0.0696224256561328,0.0,0.0320083568096966,7,-0.0005792355745931,0.0,13,-0.0696224256561328,0.0,0.0690431900815397,0.0002628977642307028,7.000276933837672e-05,0.019474836868827405,0.004139382466227456,0.008197622029206427,0.002259058111824079,6,7.000276933837672e-05,0.005733966668275741,True,False,False,False,exploratory
MYH7,4,0.0256410256410256,-0.404239085815231,0.4387601868443994,-0.8744413345476173,1,True,True,1.0,True,1.0,True,1.0,True,1.0,False,883,-0.0368703241744826,0.001132502831257,20,-0.0518787005785928,0.0,12,-0.0853640284705527,0.0,859,-0.0368703241744826,0.0011641443538998,-0.0484937042960701,15,-0.0713952102160292,0.0,5,0.1014571902964732,0.0,-0.1728524005125024,7,-0.0791815692007734,0.0,13,-0.004750758516712,0.0,-0.0744308106840614,0.0004593127227784415,6.902119202266314e-05,0.006777623342900728,0.0007925483411268991,0.008757357640259311,0.0010850122656848975,6,6.902119202266314e-05,0.0029901459174621566,True,False,False,True,exploratory
KAT6A,4,0.0256410256410256,0.010335443931381,-0.1975936972417702,0.2771571918349921,0,True,True,1.0,True,1.0,True,1.0,True,1.0,False,883,-0.1039113820571776,0.0396375990939977,20,-0.0841861703863968,0.0,12,-0.0971200185427883,0.0,859,-0.1059559462395166,0.0407450523864959,0.0088359276967282,15,-0.0972229278135208,0.0,5,0.003927411741619,0.0,-0.1011503395551398,7,-0.1717510137504293,0.0,13,-0.0513695731159595,0.0,-0.1203814406344698,0.0005660861032443065,6.86942439769521e-05,0.04203656315513267,0.006255124672498439,0.04394338312875346,0.0070349960027338565,6,6.86942439769521e-05,0.01665080788438995,True,False,False,False,exploratory
COL5A3,5,0.032051282051282,-0.6329016009749053,0.358899315879853,0.9702314660692992,2,True,True,1.0,True,1.0,True,1.0,True,1.0,False,883,-0.0678635872453366,0.0,20,-0.0274287235157504,0.0,12,-0.0061064629566041,0.0,859,-0.0695595992385352,0.0,0.063453136281931,15,-0.0379965421354548,0.0,5,0.0046479789828378,0.0,-0.0426445211182926,7,0.0046479789828378,0.0,13,-0.0485303033560792,0.0,0.053178282338917,0.0002950062744708465,6.620228566681894e-05,0.013377739026092152,0.002286518544794626,0.011483063987863055,0.001926504338679466,6,6.620228566681894e-05,0.004905839076261161,True,False,False,True,exploratory
CTNNA1,4,0.0256410256410256,0.2061002078939293,-0.1810880333795937,-0.1583111941272631,0,True,True,1.0,True,1.0,True,1.0,True,1.0,False,883,0.0216354270679149,0.0396375990939977,20,-0.0829676936680531,0.0,12,-0.1354216155883656,0.0,859,0.0226622597231041,0.0407450523864959,-0.1580838753114697,15,-0.0725172581789305,0.0,5,-0.0989381028176334,0.0,0.0264208446387029,7,-0.0725172581789305,0.0,13,-0.0934181291571758,0.0,0.0209008709782453,0.00043037598285801257,6.388307691518403e-05,0.022033169239278658,0.003536233792715856,0.019560978053514245,0.0031904973813277277,6,6.388307691518403e-05,0.008135856254434947,True,False,True,False,exploratory
BAZ2B,5,0.032051282051282,-0.282346561143178,-0.247124368888975,0.0440223612067473,0,True,True,1.0,True,1.0,True,1.0,True,1.0,False,883,-0.017792936383149,0.0,20,-0.0480373360665778,0.0,12,-0.0729295037117386,0.0,859,-0.0174902183754053,0.0,-0.0554392853363333,15,-0.0703870813026062,0.0,5,-0.0172015631638032,0.0,-0.053185518138803,7,-0.0754719261208711,0.0,13,-0.0172015631638032,0.0,-0.0582703629570679,0.0002673668067641331,6.367807017241009e-05,0.01383870700661311,0.00364812288106351,0.01596154915728823,0.0038666468467687377,6,6.367807017241009e-05,0.0062743451281116885,True,False,False,False,exploratory
SPHKAP,3,0.0192307692307692,0.0410064375321512,-0.3772741961597947,0.1388731497765645,0,True,True,1.0,True,1.0,True,1.0,True,1.0,False,883,0.1117274717088994,0.0,20,0.1395588652234102,0.0,12,0.1552582882282368,0.0,859,0.1107577638833711,0.0,0.0445005243448657,15,0.1412741704906284,0.0,5,0.136666613766454,0.0,0.0046075567241744,7,0.1355619422058621,0.0,13,0.1412741704906284,0.0,-0.0057122282847663,0.00034798018732937013,5.933103167951594e-05,0.012798342188781661,0.002136817506619327,0.034840104778137385,0.0053687344558515804,6,5.933103167951594e-05,0.009258551691399807,True,False,False,False,exploratory
PTH1R,3,0.0192307692307692,-1.0817972905897109,0.3496846048136592,0.553010773305834,2,True,True,1.0,True,1.0,True,1.0,True,1.0,False,883,-0.0690673332611656,0.001132502831257,20,-0.049765274696511,0.0,12,-0.0269122589511592,0.0,859,-0.0695073391138889,0.0011641443538998,0.0425950801627297,15,-0.0545124084788795,0.0,5,-0.0203501312688581,0.0,-0.0341622772100213,7,-0.0922221257553552,0.0,13,-0.0236345897524683,0.0,-0.0685875360028868,0.00035349136268365367,5.219631221142072e-05,0.005596526045963248,0.0010778459731269827,0.011759770909074648,0.00188985509806206,6,5.219631221142072e-05,0.003454947616853669,True,False,False,True,exploratory
NRDC,3,0.0192307692307692,-0.2546420313972815,0.24006787515951,-0.012871340799029,0,True,True,1.0,True,1.0,True,1.0,True,1.0,False,883,-0.3794731812088284,0.2253680634201585,20,-0.3529145402385716,0.15,12,-0.3453587114958513,0.1666666666666666,859,-0.3800786255077487,0.2281722933643772,0.0347199140118973,15,-0.3492114174738558,0.1333333333333333,5,-0.4142366316445369,0.2,0.065025214170681,7,-0.3720039391701548,0.1428571428571428,13,-0.3476115446949919,0.1538461538461538,-0.0243923944751628,0.00023954448876078898,4.579788299165422e-05,0.01945961074696246,0.0037398827236614913,0.02433630397867275,0.004207998906265287,6,4.579788299165422e-05,0.008671523121219072,True,False,False,False,exploratory
FBN1,4,0.0256410256410256,0.3801048123281553,0.0672321004156841,-0.5559508285723597,1,True,True,1.0,True,1.0,True,1.0,True,1.0,False,883,0.0676988969929594,0.0,20,0.1220737793006438,0.0,12,0.0965849434359853,0.0,859,0.0664048444381524,0.0,0.0301800989978329,15,0.1342762437294602,0.0,5,0.1004912301271882,0.0,0.033785013602272,7,0.083298572000143,0.0,13,0.1342762437294602,0.0,-0.0509776717293172,0.00020465998217562134,4.486007793681152e-05,0.008512247610485883,0.001638071898823718,0.006021509382237122,0.0014409033037958926,6,4.486007793681152e-05,0.0029770420425758413,True,False,False,True,exploratory
VWF,4,0.0256410256410256,-0.7224496090324676,0.4298359206924048,0.1169426793822769,1,True,True,1.0,True,1.0,True,1.0,True,1.0,False,883,0.008621603629606,0.0,20,0.0347136968739193,0.0,12,0.0347136968739193,0.0,859,0.0082562376401079,0.0,0.0264574592338114,15,0.0357053691432793,0.0,5,0.0015040153943661,0.0,0.0342013537489132,7,0.073259070057357,0.0,13,0.0015040153943661,0.0,0.0717550546629909,0.0001968975018135514,4.2639847641133285e-05,0.005430177336510811,0.0012377898969416635,0.003127514654217822,0.0007701744845695647,6,4.2639847641133285e-05,0.0018008656202824246,True,False,False,True,exploratory
TRIM24,3,0.0192307692307692,0.5264685308429367,0.1453883170849352,-0.1318120180531655,1,True,True,1.0,True,1.0,True,1.0,True,1.0,False,883,0.0593671372286691,0.001132502831257,20,0.0406185772012188,0.0,12,0.0017630167265987,0.0,859,0.0593671372286691,0.0011641443538998,-0.0576041205020703,15,0.0285087268180779,0.0,5,0.0703973875176211,0.0,-0.0418886606995432,7,0.0227653049265471,0.0,13,0.0752701997268665,0.0,-0.0525048948003193,8.438126277761112e-05,3.8241503181605475e-05,0.027763582542235397,0.005077753082277289,0.04312866566794646,0.007188264331553644,6,3.8241503181605475e-05,0.013880148064995332,True,False,False,True,exploratory
FAT4,5,0.032051282051282,-1.1358025674699583,1.2077421420255152,-0.1962314968452688,2,True,True,1.0,True,1.0,True,1.0,True,1.0,False,883,-0.0717147805976869,0.0,20,-0.031943819539413,0.0,12,-0.031943819539413,0.0,859,-0.0717451849489152,0.0,0.0398013654095022,15,-0.017360519596252,0.0,5,-0.1468501360496493,0.0,0.1294896164533973,7,-0.0314845702512728,0.0,13,-0.0324030688275532,0.0,0.0009184985762804,0.00017010798330439073,3.690983056028671e-05,0.009332572653684399,0.0018024205051967892,0.013387928357654105,0.002165993926558701,6,3.690983056028671e-05,0.004482655542826446,True,False,False,True,exploratory
PKHD1,5,0.032051282051282,0.257782728455654,0.3841572507156315,0.2378483601526217,0,True,True,1.0,True,1.0,True,1.0,True,1.0,False,883,-0.1303432808670102,0.0033975084937712,20,-0.1252227186256334,0.0,12,-0.1252227186256334,0.0,859,-0.1304169008123143,0.0034924330616996,0.0051941821866808,15,-0.1320325669052925,0.0,5,-0.0875697576306786,0.0,-0.0444628092746138,7,-0.159812129835674,0.0,13,-0.11241234915993,0.0,-0.047399780675744,0.00020623500195864958,3.5154426153641085e-05,0.0037599196521188086,0.000825541531645755,0.026291223966882302,0.0036325739990982022,6,3.5154426153641085e-05,0.005791774762976227,True,False,False,False,exploratory
SGO2,4,0.0256410256410256,-0.2717546269194423,-0.0083209968238613,-0.0651598911091252,0,True,True,1.0,True,1.0,True,1.0,True,1.0,False,883,-0.1292846547505437,0.0373725934314835,20,-0.1826899437770806,0.05,12,-0.2051051030629651,0.0833333333333333,859,-0.1291561450514798,0.0372526193247962,-0.0759489580114853,15,-0.2210507872973829,0.0666666666666666,5,-0.106278020449079,0.0,-0.1147727668483039,7,-0.2210507872973829,0.0,13,-0.1721135101225,0.0769230769230769,-0.0489372771748828,0.0001924360789978927,3.373061449992363e-05,0.0032005568453459666,0.0005507818145055181,0.0016302087893536534,0.0003530787014548523,6,3.373061449992363e-05,0.0009934654740263013,True,False,False,False,exploratory
PRICKLE1,3,0.0192307692307692,-0.3565108986689727,1.2759218312049236,0.847074153990838,2,True,True,1.0,True,1.0,True,1.0,True,1.0,False,883,-0.009196875163277,0.001132502831257,20,0.0063859949744924,0.0,12,0.0329273666983983,0.0,859,-0.0096817554771804,0.0011641443538998,0.0426091221755787,15,0.0083153529763688,0.0,5,-0.0250760435650726,0.0,0.0333913965414413,7,-0.0214906948597997,0.0,13,0.0083153529763688,0.0,-0.0298060478361685,0.00014037643509869573,3.0364975488137955e-05,0.029533291961976963,0.004472415821647932,0.042893799806385684,0.006495018276826819,6,3.0364975488137955e-05,0.013927544546237373,True,False,False,True,exploratory
GALNT5,3,0.0192307692307692,1.6076990942534863,-0.515738599829164,-0.2787289682362941,2,True,True,1.0,True,1.0,True,1.0,True,1.0,False,883,-0.0390586510027542,0.0,20,-0.0391367418236552,0.0,12,-0.0461237470922497,0.0,859,-0.0390586510027542,0.0,-0.0070650960894955,15,-0.0354479587567432,0.0,5,-0.0494219692939323,0.0,0.0139740105371891,7,-0.0610007148369893,0.0,13,-0.0120788902438093,0.0,-0.04892182459318,0.00014491922833686556,2.7703589446103644e-05,0.0030779993623622063,0.00054297960212149,0.01680307274645113,0.0023053908427243955,6,2.7703589446103644e-05,0.003817010895240365,True,False,False,True,exploratory
ROS1,4,0.0256410256410256,-0.5179671564802503,0.1901997965714501,0.4131088478850501,1,True,True,1.0,True,1.0,True,1.0,True,1.0,False,883,0.0910582451292864,0.0,20,0.0712626930694985,0.0,12,0.0605179683833187,0.0,859,0.0913876855857421,0.0,-0.0308697172024233,15,0.0699934620544313,0.0,5,0.0725319240845657,0.0,-0.0025384620301344,7,0.0219044202543072,0.0,13,0.09149606732211,0.0,-0.0695916470678028,0.0001417507293081276,2.3704976901405427e-05,0.0002797086599319302,0.0002362460997924018,0.011359399465175807,0.00191712762192409,6,2.3704976901405427e-05,0.002326322925505627,True,False,False,True,exploratory
AP2B1,3,0.0192307692307692,-0.4411327535718499,0.2549371590316455,-0.1783754666329743,0,True,True,1.0,True,1.0,True,1.0,True,1.0,False,883,-0.1418705184255554,0.0328425821064552,20,-0.1284644028046007,0.0,12,-0.1380366680786704,0.0,859,-0.1414035912496809,0.0325960419091967,0.0033669231710105,15,-0.1123452330184593,0.0,5,-0.1637281031388815,0.0,0.0513828701204222,7,-0.0493821258148509,0.0,13,-0.1846247745307246,0.0,0.1352426487158737,0.00013453127058698594,2.167120903828371e-05,0.010926701842367338,0.0019868698467542917,0.005884041371492069,0.0012194455093884205,6,2.167120903828371e-05,0.0033622101749378984,True,False,False,False,exploratory
PIK3R2,4,0.0256410256410256,0.4106572935754994,0.1452421869445926,-0.0847830826514453,0,True,True,1.0,True,1.0,True,1.0,True,1.0,False,883,-0.124300875128724,0.0135900339750849,20,-0.2048972037760656,0.0,12,-0.23710988781834,0.0,859,-0.1229710779805454,0.0139697322467986,-0.1141388098377946,15,-0.1966838150151921,0.0,5,-0.2392351530128192,0.0,0.042551337997627,7,-0.2392351530128192,0.0,13,-0.1623040034801322,0.0,-0.076931149532687,1.7967777027905122e-05,6.673427589141728e-05,0.0019540788927035996,0.0022474099252624714,0.011630968312480457,0.003160373994180729,6,1.7967777027905122e-05,0.00317958886292443,True,False,True,False,exploratory
KIRREL1,3,0.0192307692307692,0.4152674426239901,0.3606581386879342,-0.0331515665894764,0,True,True,1.0,True,1.0,True,1.0,True,1.0,False,883,0.1119557600401095,0.0,20,0.1593744565089357,0.0,12,0.1914277666026233,0.0,859,0.10993394930596,0.0,0.0814938172966633,15,0.1653762214882972,0.0,5,0.1314442005287101,0.0,0.0339320209595871,7,0.3327296329603768,0.0,13,0.1344950618989596,0.0,0.1982345710614171,1.7103279122199768e-05,4.881452980279192e-05,0.01670896608754765,0.003653332504870573,0.02392050236725774,0.004358250935970579,6,1.7103279122199768e-05,0.008117828284095257,True,False,False,False,exploratory
TG,3,0.0192307692307692,-0.2103587709622865,-0.1632330411572389,-0.0501167710840522,0,True,True,1.0,True,1.0,True,1.0,True,1.0,False,883,0.0319090159154383,0.0,20,0.0807920134372606,0.0,12,0.0723958679806839,0.0,859,0.0315289983512659,0.0,0.040866869629418,15,0.0732399699567929,0.0,5,0.1081732928776935,0.0,-0.0349333229209006,7,0.0715517660045749,0.0,13,0.0956359758045819,0.0,-0.024084209800007,0.00010482082049103497,8.372032167796234e-06,0.019585618935236207,0.0024428786072450033,0.01637486487556321,0.0017473186616433752,6,8.372032167796234e-06,0.0067106456553911046,True,False,False,False,exploratory
BRWD1,3,0.0192307692307692,-0.1172787313478286,1.0481691178472872,-0.0993531247413857,1,True,True,1.0,True,1.0,True,1.0,True,1.0,False,883,-0.2016053122106558,0.0079275198187995,20,-0.221218493881409,0.0,12,-0.222502634511372,0.0,859,-0.2014968641086957,0.0081490104772991,-0.0210057704026763,15,-0.2269010567943807,0.0,5,-0.1837113479773593,0.0,-0.0431897088170213,7,-0.2269010567943807,0.0,13,-0.2155359309684374,0.0,-0.0113651258259432,-4.026813605557707e-06,1.4095042142409022e-05,0.007675414506730871,0.001690973923857043,0.006445422426254306,0.0015529679022770384,5,-4.026813605557707e-06,0.0028958078312760183,False,False,False,True,exploratory
TXNIP,4,0.0256410256410256,-0.4488911369609272,-0.8059235818770725,-0.0770574082131611,1,True,True,1.0,True,1.0,True,1.0,True,1.0,False,883,-0.0076779512507778,0.001132502831257,20,0.0257514691888783,0.0,12,0.0100204198521169,0.0,859,-0.0084471011074932,0.0011641443538998,0.0184675209596101,15,0.0495776906774689,0.0,5,-0.0165506027947348,0.0,0.0661282934722037,7,0.0907889165725985,0.0,13,-0.0104962284044838,0.0,0.1012851449770823,-1.7874890745365063e-05,2.350330555429925e-05,0.013062330605404647,0.0023839435652224976,0.0074228297952639,0.001444898266838369,5,-1.7874890745365063e-05,0.004053271774589724,False,False,False,True,exploratory
DST,7,0.0448717948717948,0.4796107826565667,-0.088105863465192,0.308178423093922,0,True,True,1.0,True,1.0,True,1.0,True,1.0,False,883,0.0522345121317314,0.0,20,0.0381723419342272,0.0,12,0.0514049673895216,0.0,859,0.0531220047114771,0.0,-0.0017170373219555,15,0.0443738616803685,0.0,5,-0.029269433573721,0.0,0.0736432952540895,7,-0.029269433573721,0.0,13,0.0443738616803685,0.0,-0.0736432952540895,-0.0001559767150316508,3.74192493202571e-06,0.01843080385655094,0.0033413130625962887,0.007592648317028143,0.002129564123197644,5,-0.0001559767150316508,0.0052236824282122325,False,False,False,False,exploratory
SCN3A,3,0.0192307692307692,-0.3636411100939083,-0.761652743121037,-0.3741089462884393,1,True,True,1.0,True,1.0,True,1.0,True,1.0,False,883,0.0535648052984541,0.0,20,0.0701944648014876,0.0,12,0.0734090342539183,0.0,859,0.0531865659829537,0.0,0.0202224682709646,15,0.0754425223026841,0.0,5,0.0649464073002911,0.0,0.010496115002393,7,0.1206973005884421,0.0,13,0.0021645706490128,0.0,0.1185327299394292,0.0003210222121098051,4.905176575119754e-05,-0.00020004774532846327,1.3624897816653439e-05,0.006048061944807635,0.0007677139297213202,5,-0.00020004774532846327,0.0011665711674796915,False,False,False,True,exploratory
SYNE2,5,0.032051282051282,0.0368254146879909,0.3022837139206809,-0.2772081789205722,0,True,True,1.0,True,1.0,True,1.0,True,1.0,False,883,-0.0337550662045347,0.0,20,-0.061207236502403,0.0,12,-0.0379885422487025,0.0,859,-0.0337446491539739,0.0,-0.0042438930947286,15,-0.07077770658662,0.0,5,-0.051636766418186,0.0,-0.0191409401684339,7,-0.0743968736271981,0.0,13,-0.051636766418186,0.0,-0.0227601072090121,9.304678059334757e-05,2.1671861802207325e-05,0.0072274378001150625,0.0014217745317644304,-0.0002283252239048884,0.0003342150698251261,5,-0.0002283252239048884,0.0014783034700325472,False,False,False,False,exploratory
PLEKHG2,3,0.0192307692307692,1.2009914436723144,-0.3319322653031669,0.2126666195140961,1,True,True,1.0,True,1.0,True,1.0,True,1.0,False,883,-0.145321787600946,0.0067950169875424,20,-0.1402521304859818,0.0,12,-0.163705583933304,0.0,859,-0.145321787600946,0.0069848661233993,-0.018383796332358,15,-0.1365632798126248,0.0,5,-0.2135231584016848,0.0,0.0769598785890599,7,-0.1523160758602357,0.0,13,-0.1199722899273166,0.0,-0.0323437859329191,0.0004286888971652683,0.00011208899842924579,-0.0002461172491673266,0.0017340349862938666,0.04754823091811246,0.008876180226143811,5,-0.0002461172491673266,0.009742184462829553,False,False,False,True,exploratory
ANKS1B,4,0.0256410256410256,0.4286678007779936,0.3025209359209732,-0.0001785831859526,0,True,True,1.0,True,1.0,True,1.0,True,1.0,False,883,0.0881389891495556,0.001132502831257,20,0.0832794866283072,0.0,12,0.1291658982431578,0.0,859,0.0881389891495556,0.0011641443538998,0.0410269090936022,15,0.0868779589419275,0.0,5,0.0796810143146869,0.0,0.0071969446272406,7,0.1809896535322213,0.0,13,0.0796810143146869,0.0,0.1013086392175344,0.0002423231565715931,5.819993453932554e-05,-0.00039047720122678396,0.0008860041201579748,0.005338874312880207,0.0018101208584494263,5,-0.00039047720122678396,0.0013241741968952907,False,False,False,False,exploratory
TRIOBP,4,0.0256410256410256,-1.9182803286825492,0.8441743623433698,-1.5360577947655276,3,True,True,1.0,True,1.0,True,1.0,True,1.0,False,883,0.0161599233880718,0.0,20,-0.0168568183112889,0.0,12,-0.0279737932787802,0.0,859,0.0168130289794318,0.0,-0.044786822258212,15,-0.0130676589175468,0.0,5,-0.020645977705031,0.0,0.0075783187874842,7,-0.0687367192581442,0.0,13,-0.0130676589175468,0.0,-0.0556690603405974,6.162707862260922e-05,1.6073375241856474e-05,-0.0005052792991440302,0.0001639553842050867,0.004169013960193324,0.000981091839019903,5,-0.0005052792991440302,0.0008144137230231248,False,False,False,True,exploratory
EPHA5,3,0.0192307692307692,1.404637653877115,-0.64383859510409,-1.294900437494675,3,True,True,1.0,True,1.0,True,1.0,True,1.0,False,883,-0.0233830344379748,0.0022650056625141,20,0.0375950085676301,0.0,12,-0.0055240187001685,0.0,859,-0.0243433760590604,0.0023282887077997,0.0188193573588918,15,0.0348156702361845,0.0,5,0.0442971113241891,0.0,-0.0094814410880045,7,0.0513367806664225,0.0,13,-0.0623848180667596,0.0,0.1137215987331821,0.0005517064270799179,0.00012061482212070407,0.004596499543102629,0.0019009822880347962,-0.006584600741587756,0.0001782411804627846,5,-0.006584600741587756,0.0001272405865355127,False,False,False,True,exploratory
ATP1A2,3,0.0192307692307692,-0.3707427244568529,1.2662099709446566,-0.4651240313502231,1,True,True,1.0,True,1.0,True,1.0,True,1.0,False,883,-0.039155987388565,0.001132502831257,20,-0.0426356050121422,0.0,12,-0.025740573620162,0.0,859,-0.0390532896994398,0.0011641443538998,0.0133127160792777,15,-0.0366145687290028,0.0,5,-0.0537363267911946,0.0,0.0171217580621917,7,-0.0486566412952816,0.0,13,-0.0366145687290028,0.0,-0.0120420725662787,-5.374771355121296e-07,-1.4034951312337572e-06,0.0023167041033003524,0.00012501298063284145,0.007713382841382156,0.0009079388620064489,4,-1.4034951312337572e-06,0.0018435163025091756,False,False,False,True,exploratory
NF1,6,0.0384615384615384,-0.3099860372189673,-0.605299417385685,-0.065305529274811,1,True,True,1.0,True,1.0,True,1.0,True,1.0,False,883,0.0365428414576995,0.0113250283125707,20,-0.0057858497098026,0.05,12,-0.0231285365166193,0.0,859,0.0372855739721074,0.0104772991850989,-0.0604141104887267,15,-0.0697618857630892,0.0,5,0.1158398346947714,0.2,-0.1856017204578606,7,0.0851974398958669,0.0,13,-0.0747664563818061,0.0769230769230769,0.159963896277673,-0.00010281042418249074,-3.0400587015480285e-06,0.017497278344269108,0.00289893906343477,0.03640028653127274,0.00550356401287642,4,-0.00010281042418249074,0.010365702911494832,False,False,False,True,exploratory
LAMA2,6,0.0384615384615384,-0.5861844628307257,-0.964817932484494,-0.2379248215337169,2,True,True,1.0,True,1.0,True,1.0,True,1.0,False,883,0.0121940274240925,0.001132502831257,20,0.0123496146843338,0.0,12,-0.0178117065822029,0.0,859,0.0123901034781106,0.0011641443538998,-0.0302018100603135,15,0.0143651550104802,0.0,5,0.0103340743581875,0.0,0.0040310806522927,7,-0.0034868822001335,0.0,13,0.0143651550104802,0.0,-0.0178520372106136,-0.00012252397410566164,-2.3977266007905658e-06,0.006453854322407713,0.0014327172120750609,0.0042460398619608795,0.0009296251154383611,4,-0.00012252397410566164,0.002156219135195927,False,False,False,True,exploratory
TAF1L,5,0.032051282051282,0.1639518953768685,0.2330214733664214,0.264258578091676,0,True,True,1.0,True,1.0,True,1.0,True,1.0,False,883,0.0422738765879668,0.0,20,0.0246033419725139,0.0,12,0.0529903030270953,0.0,859,0.0426708541423513,0.0,0.010319448884744,15,0.0374854956092912,0.0,5,0.0143733031509839,0.0,0.0231121924583073,7,0.0374854956092912,0.0,13,0.0143733031509839,0.0,0.0231121924583073,-0.00016753649017429487,-1.893432398568647e-05,0.0011594724426818104,0.00020976428964509633,0.0054257489939546055,0.0007132210045352011,4,-0.00016753649017429487,0.0012202893194427887,False,False,False,False,exploratory
CPS1,3,0.0192307692307692,-1.1714346086781533,0.4800749180613819,0.3573172911155011,1,True,True,1.0,True,1.0,True,1.0,True,1.0,False,883,0.1542580819043643,0.0,20,0.1888978578277585,0.0,12,0.1888978578277585,0.0,859,0.1537279733927868,0.0,0.0351698844349717,15,0.1765500911315929,0.0,5,0.2531436595687639,0.0,-0.076593568437171,7,0.2012456245239241,0.0,13,0.1765500911315929,0.0,0.0246955333923312,-0.0002075520196848549,-2.106183579127909e-05,0.0028693495207629035,0.00045047078306667467,0.01300910381112973,0.0017818680827003219,4,-0.0002075520196848549,0.0029803630570305827,False,False,False,True,exploratory
TCF12,3,0.0192307692307692,1.153438429698435,0.605590786514619,0.1256066578398457,2,True,True,1.0,True,1.0,True,1.0,True,1.0,False,883,-0.0149828066775323,0.0203850509626274,20,-0.0393012489973983,0.0,12,-0.0232836310742221,0.0,859,-0.0143707494139492,0.0209545983701979,-0.0089128816602729,15,-0.0426291694610716,0.0,5,-0.0359733285337251,0.0,-0.0066558409273465,7,-0.0455514386344424,0.0,13,-0.0359733285337251,0.0,-0.0095781101007173,-0.0002692742556681486,-2.0467867276926076e-05,0.005844550930181503,0.0014597954306273216,0.006717813901246283,0.001612096010479298,4,-0.0002692742556681486,0.002557419024931555,False,False,False,True,exploratory
RYR1,4,0.0256410256410256,-0.2421985502614584,0.6774827458565361,0.399802935525271,1,True,True,1.0,True,1.0,True,1.0,True,1.0,False,883,-0.1436025465720263,0.0079275198187995,20,-0.2022852953134468,0.0,12,-0.2022852953134468,0.0,859,-0.1426120429986956,0.0081490104772991,-0.0596732523147512,15,-0.2182597407360479,0.0,5,-0.1605042100540092,0.0,-0.0577555306820387,7,-0.2404317932897308,0.0,13,-0.1863108498908457,0.0,-0.054120943398885,-0.00033867092183004856,-1.637095296373417e-07,0.027470061805467193,0.004465528231493479,0.03041271408762407,0.004868018945477847,4,-0.00033867092183004856,0.01114624807311715,False,False,False,True,exploratory
GRM1,3,0.0192307692307692,-0.3836715278204074,1.0390277457703514,0.5008609071713588,2,True,True,1.0,True,1.0,True,1.0,True,1.0,False,883,0.1203441517275773,0.0,20,0.1344405368566523,0.0,12,0.1052778917926467,0.0,859,0.1201387239437031,0.0,-0.0148608321510563,15,0.1079275914664439,0.0,5,0.2192683466329422,0.0,-0.1113407551664983,7,0.1644798522534402,0.0,13,0.1308910674158121,0.0,0.033588784837628,0.00023265107619700214,3.268878049038965e-05,0.0014983026498512685,0.00024730647361529074,-0.0007376114455052228,-1.2315631567605661e-05,4,-0.0007376114455052228,0.00021017031718018706,False,False,False,True,exploratory
CHRM2,4,0.0256410256410256,0.1765814238049685,0.998586879448634,-0.0643572994557311,1,True,True,1.0,True,1.0,True,1.0,True,1.0,False,883,0.0364762638343555,0.0,20,0.0046374965479605,0.0,12,-0.0030539109069157,0.0,859,0.0365039527336417,0.0,-0.0395578636405574,15,0.009010972926482,0.0,5,0.0002640201694391,0.0,0.0087469527570429,7,0.0002640201694391,0.0,13,0.009010972926482,0.0,-0.0087469527570429,-0.0007691328890654035,-8.922661305066463e-06,0.004886200655804394,0.001542808452013277,0.011059804635191656,0.0024543739112911685,4,-0.0007691328890654035,0.0031941886839883375,False,False,False,True,exploratory
NOTCH3,3,0.0192307692307692,0.8392327052925974,0.3725518528316166,1.1370734772172737,2,True,True,1.0,True,1.0,True,1.0,True,1.0,False,883,-0.0139781621665672,0.001132502831257,20,0.0180627808922029,0.0,12,0.0183591547487458,0.0,859,-0.0148862160840595,0.0011641443538998,0.0332453708328053,15,0.0125264676459341,0.0,5,0.0456176362638188,0.0,-0.0330911686178847,7,-0.0508098444178505,0.0,13,0.0241918418515575,0.0,-0.075001686269408,0.00020140008403484336,5.354810652642948e-05,-0.001492648166559925,-0.00016573277238057218,0.006383478423188893,0.0009350933297824153,4,-0.001492648166559925,0.0009858565007653474,False,False,False,True,exploratory
BRIP1,3,0.0192307692307692,-0.5447001862597594,0.0437853532162936,0.4697935323028923,1,True,True,1.0,True,1.0,True,1.0,True,1.0,False,883,-0.2893388203022545,0.1619479048697621,20,-0.296179394495682,0.15,12,-0.4322975471341526,0.25,859,-0.2860642815024152,0.159487776484284,-0.1462332656317373,15,-0.3219392915558781,0.1333333333333333,5,-0.2704194974354858,0.2,-0.0515197941203922,7,-0.3219392915558781,0.1428571428571428,13,-0.2704194974354858,0.1538461538461538,-0.0515197941203922,0.0005895135934517719,8.736121075560517e-05,-0.0036239619889781327,-2.785762821558761e-05,0.01191247074313886,0.0019117528713770333,4,-0.0036239619889781327,0.0018082131335882582,False,False,True,True,exploratory
ARID1A,5,0.032051282051282,-0.2836484593365018,0.7080024848225996,-1.5762841574393711,2,True,True,1.0,True,1.0,True,1.0,True,1.0,False,883,-0.2148064988844169,0.1540203850509626,20,-0.1207388104389124,0.15,12,-0.1262968085221083,0.1666666666666666,859,-0.2168897644168584,0.1548311990686845,0.09059295589475,15,-0.1218259176302362,0.2,5,-0.1046491025323032,0.0,-0.017176815097933,7,-0.1218259176302362,0.1428571428571428,13,-0.1196517032475888,0.1538461538461538,-0.0021742143826474,6.486947420779813e-05,3.9576742924476904e-05,-0.0040232282848305,-0.00012203861386845463,0.0032510266830716485,0.0010734370456274716,4,-0.0040232282848305,4.72738411887401e-05,False,False,False,True,exploratory
COL6A3,4,0.0256410256410256,0.7019946151481655,-0.0354309494014116,0.1327386000382645,1,True,True,1.0,True,1.0,True,1.0,True,1.0,False,883,-0.0201764857292466,0.001132502831257,20,-0.0124071347611719,0.0,12,-0.019922925139132,0.0,859,-0.0204655604342317,0.0011641443538998,0.0005426352950996,15,-0.0078077142954936,0.0,5,-0.0402280735589417,0.0,0.0324203592634481,7,0.0222785739321608,0.0,13,-0.0170065552268503,0.0,0.0392851291590111,0.0004056692223157816,8.073837579883304e-05,0.008555694130726543,0.0018100500085368725,-0.004032640220721028,-6.98415671238007e-05,4,-0.004032640220721028,0.0011249449915888671,False,False,False,True,exploratory
ROCK1,4,0.0256410256410256,-0.0253924622497418,0.2468360369845033,0.2082405426958432,0,True,True,1.0,True,1.0,True,1.0,True,1.0,False,883,-0.0232420613785569,0.0067950169875424,20,0.0111750992704499,0.0,12,0.0818306927769449,0.0,859,-0.0245728133013451,0.0069848661233993,0.10640350607829,15,-0.0750010992240449,0.0,5,0.1026380216029979,0.0,-0.1776391208270428,7,-0.0049031881257155,0.0,13,0.0272533866666153,0.0,-0.0321565747923308,9.886289582428662e-05,8.657898912290036e-06,-0.005390518866991739,-0.0007716596137990265,0.004187155347637474,0.0007687403808925575,4,-0.005390518866991739,-0.00018312699292069289,False,False,False,False,exploratory
CELSR2,3,0.0192307692307692,0.074112305948694,0.8682229546261853,-3.129312410552735,2,True,True,1.0,True,1.0,True,1.0,True,1.0,False,883,-0.2721597944403426,0.0453001132502831,20,-0.3334883430733655,0.1,12,-0.3118984437565228,0.0833333333333333,859,-0.2704487169429743,0.0442374854481955,-0.0414497268135485,15,-0.3384179993510078,0.0666666666666666,5,-0.3285586867957232,0.2,-0.0098593125552846,7,-0.2853788881620379,0.0,13,-0.3582158765377209,0.1538461538461538,0.072836988375683,0.0004553679011031314,8.870233802060686e-05,0.0005571851964653378,0.0008838794784339938,-0.007969822473344164,-0.0002098053522182923,4,-0.007969822473344164,-0.0010324154852565644,False,False,False,True,exploratory
TLN2,3,0.0192307692307692,-1.2843065354909553,-0.1208402285923107,-0.0278879136524678,1,True,True,1.0,True,1.0,True,1.0,True,1.0,False,883,-0.0562233070584301,0.0022650056625141,20,-0.0824096153528917,0.0,12,-0.062418673759551,0.0,859,-0.0558366194451432,0.0023282887077997,-0.0065820543144078,15,-0.0617634245077273,0.0,5,-0.1134727532070827,0.0,0.0517093286993553,7,-0.0630739230113747,0.0,13,-0.1017453076944087,0.0,0.038671384683034,-0.00021733710396405995,2.138055256169189e-05,-0.009448710786229775,0.0005730386944616796,0.003956555214774848,0.0028709442635484993,4,-0.009448710786229775,-0.0003740215274745196,False,False,False,True,exploratory
LTBP1,3,0.0192307692307692,0.7072069440065009,-0.4609500438466967,0.0198366046588358,1,True,True,1.0,True,1.0,True,1.0,True,1.0,False,883,-0.0029671169729914,0.0,20,-0.0049320465615946,0.0,12,-0.0160376811987316,0.0,859,-0.0028842948909397,0.0,-0.0131533863077919,15,-0.0116819691152064,0.0,5,0.0089011305390543,0.0,-0.0205830996542607,7,0.0041746395180741,0.0,13,-0.0116819691152064,0.0,0.0158566086332805,0.0007846301255965097,0.00010984929162618385,-0.013014122447972284,-0.0016850254057468176,0.007312239264894089,0.0010461507773595015,4,-0.013014122447972284,-0.0009077130657071361,False,False,False,True,exploratory
APOB,3,0.0192307692307692,0.6632121826933289,0.203782989218242,-0.0569861363752576,1,True,True,1.0,True,1.0,True,1.0,True,1.0,False,883,-0.0058675652117955,0.0,20,-0.0229729124197832,0.0,12,-0.0229729124197832,0.0,859,-0.005409929487732,0.0,-0.0175629829320512,15,-0.0278462753105903,0.0,5,0.0600362742615886,0.0,-0.0878825495721788,7,-0.0180995495289762,0.0,13,-0.0278462753105903,0.0,0.0097467257816141,-0.015173169820961794,-0.0009792831937046119,0.004121900422990578,0.0011617150543521422,0.012616559515938063,0.0035081520652483432,4,-0.015173169820961794,0.0008759790073104536,False,False,False,True,exploratory
PYGM,3,0.0192307692307692,0.35866249445765,0.2235343225888661,0.4719027352714501,0,True,True,1.0,True,1.0,True,1.0,True,1.0,False,883,-0.2061219841691191,0.029445073612684,20,-0.2188370682153262,0.05,12,-0.2306005351080486,0.0833333333333333,859,-0.205898009919916,0.029103608847497,-0.0247025251881326,15,-0.2137525054327757,0.0,5,-0.2963028307840045,0.2,0.0825503253512287,7,-0.2176012525602675,0.1428571428571428,13,-0.2200728838703851,0.0,0.0024716313101176,-0.00014481218955947922,-1.2545695400426683e-05,0.009712357595456465,0.0010439761154873086,0.0008735976976504988,-0.00013658330533538243,3,-0.00014481218955947922,0.0018893317030498305,False,False,False,False,exploratory
UBE3C,4,0.0256410256410256,-0.0005976198007183,-0.0488334781786377,-0.5624594537550289,1,True,True,1.0,True,1.0,True,1.0,True,1.0,False,883,-0.0362766345145105,0.0,20,-0.0504632551519925,0.0,12,-0.054415756874126,0.0,859,-0.0357651341042895,0.0,-0.0186506227698365,15,-0.04950918259221,0.0,5,-0.051417327711775,0.0,0.0019081451195649,7,-0.1498927679326438,0.0,13,-0.0275447427195486,0.0,-0.1223480252130952,-0.0003686578369648193,-3.147285062689469e-05,0.00524978223520471,0.0012995080961480856,-0.00032654816215719107,0.0005862637794740765,3,-0.0003686578369648193,0.001068145876846328,False,False,False,True,exploratory
PDGFRA,3,0.0192307692307692,-0.2888535948234701,0.0699450301740894,0.2179314767783686,0,True,True,1.0,True,1.0,True,1.0,True,1.0,False,883,-0.2410940864292889,0.0713476783691959,20,-0.2511573987519675,0.05,12,-0.3078705921709892,0.0833333333333333,859,-0.2410940864292889,0.0710128055878929,-0.0667765057417003,15,-0.2857372548934512,0.0,5,-0.2098097894564666,0.2,-0.0759274654369845,7,-0.2857372548934512,0.1428571428571428,13,-0.187224916935337,0.0,-0.0985123379581142,-0.0013310693386017097,-0.00013737144554739543,-0.0008989298517547241,0.0003781863097946735,0.021846683776661553,0.0029107219201549186,3,-0.0013310693386017097,0.003794703561784553,False,False,False,False,exploratory
DSP,3,0.0192307692307692,0.518053461625978,0.5101875179346327,0.3465468910563954,2,True,True,1.0,True,1.0,True,1.0,True,1.0,False,883,-0.0528067466973103,0.0033975084937712,20,-0.089564359122871,0.0,12,-0.116637890580381,0.0,859,-0.0508993346139006,0.0034924330616996,-0.0657385559664804,15,-0.1018713398401795,0.0,5,-0.0784799032296215,0.0,-0.0233914366105579,7,-0.1137895394695431,0.0,13,-0.078278791291072,0.0,-0.035510748178471,0.00019165119410907545,3.089546521677384e-05,-0.0008239493463808228,0.00044260443707470085,-0.0034009622955543874,-3.978306691770532e-05,3,-0.0034009622955543874,-0.0005999239354087275,False,False,False,True,exploratory
DMXL2,3,0.0192307692307692,1.0270611953785804,0.0638819479410611,0.1582441112104142,1,True,True,1.0,True,1.0,True,1.0,True,1.0,False,883,-0.0470218457939113,0.0022650056625141,20,-0.0723420806929757,0.0,12,-0.0733658452950944,0.0,859,-0.0457553024149041,0.0023282887077997,-0.0276105428801903,15,-0.0623670178512043,0.0,5,-0.0736107079862314,0.0,0.0112436901350271,7,-0.0731209826039576,0.0,13,-0.0715631787819939,0.0,-0.0015578038219636,-0.0005818633678042517,-5.26923451365406e-05,0.010039000581717545,0.001774898504121145,-0.00985613669414066,0.0002967760967109636,3,-0.00985613669414066,0.0002699971292447003,False,False,False,True,exploratory
LYST,3,0.0192307692307692,0.3173102822072237,-0.086961215188626,0.2043903729413564,0,True,True,1.0,True,1.0,True,1.0,True,1.0,False,883,-0.0754073289691099,0.0022650056625141,20,-0.0406339627099453,0.0,12,-0.0406339627099453,0.0,859,-0.076048059467399,0.0023282887077997,0.0354140967574536,15,-0.0446386077503388,0.0,5,0.0369795197791245,0.0,-0.0816181275294633,7,-0.0366293176695519,0.0,13,-0.0446386077503388,0.0,0.0080092900807869,-6.567389461721349e-05,1.1072796374872384e-05,0.0012229890400493838,0.0005961691305755605,-0.013399487240429619,-0.0008081675401982046,3,-0.013399487240429619,-0.00207384961804087,False,False,False,False,exploratory
RNF25,3,0.0192307692307692,0.4347716343574628,-0.2912655855884605,-0.2456530349667403,0,True,True,1.0,True,1.0,True,1.0,True,1.0,False,883,-0.151159743094286,0.0713476783691959,20,-0.1623548217317684,0.05,12,-0.2112766486633716,0.0833333333333333,859,-0.1508624281539346,0.0710128055878929,-0.060414220509437,15,-0.2464871887510145,0.0666666666666666,5,-0.0916412873222302,0.0,-0.1548459014287843,7,-0.1485742179075036,0.1428571428571428,13,-0.1760661085757288,0.0,0.0274918906682251,6.946513846822644e-05,2.421512451993172e-05,-0.013988991641118857,-0.001097488570791899,-0.0050040270460523055,0.00020978458698026742,3,-0.013988991641118857,-0.0032978404013324393,False,False,False,False,exploratory
AHNAK,4,0.0256410256410256,-0.321529433287507,-0.2111044255984288,0.0232969635876325,0,True,True,1.0,True,1.0,True,1.0,True,1.0,False,883,-0.1931797299054864,0.0113250283125707,20,-0.2264258960661518,0.0,12,-0.2163996811846527,0.0,859,-0.1925102575592253,0.0116414435389988,-0.0238894236254274,15,-0.2167461648567293,0.0,5,-0.3059178652342962,0.0,0.0891717003775669,7,-0.1100368340363261,0.0,13,-0.3275455237177962,0.0,0.2175086896814701,-4.038966776111873e-06,5.1149466953023675e-06,0.004397003885992106,0.0005384976814961643,-0.018251342904236873,-0.002462878268842464,3,-0.018251342904236873,-0.0026296072709453126,False,False,False,False,exploratory
PTEN,7,0.0448717948717948,-1.1914424826111918,-0.2852373740311552,-0.8363057715843103,2,True,True,1.0,True,1.0,True,1.0,True,1.0,False,883,0.3674145330379992,0.0079275198187995,20,0.2187790389286846,0.0,12,0.2596259776958529,0.0,859,0.3691361026258083,0.0081490104772991,-0.1095101249299553,15,0.2868848461178789,0.0,5,0.159186687530226,0.0,0.1276981585876529,7,1.134572992155898,0.0,13,0.1707093936349508,0.0,0.9638635985209472,-0.00012003167521261698,-1.4107535439539463e-05,-0.00048093521925089027,-0.00016033802758826454,0.009859712676158996,0.0011809977325159824,2,-0.00048093521925089027,0.0017108829918639444,False,False,True,True,exploratory
MADD,5,0.032051282051282,0.0690971076575822,0.0552320239326096,-0.2396235483913897,0,True,True,1.0,True,1.0,True,1.0,True,1.0,False,883,0.0093673892548386,0.0,20,0.0375606537236557,0.0,12,0.0812099283106244,0.0,859,0.0083691079040449,0.0,0.0728408204065795,15,0.0418871061432404,0.0,5,-0.0058746360358169,0.0,0.0477617421790573,7,0.0418871061432404,0.0,13,0.033234201304071,0.0,0.0086529048391693,-9.707220913091698e-05,-7.062756251749954e-06,-0.005629510325254139,-0.00047790800163462427,0.02848973857922759,0.004284551739425058,2,-0.005629510325254139,0.004427122837730202,False,False,False,False,exploratory
SPEN,7,0.0448717948717948,-0.4413247803535514,0.0340249430746078,-0.9415506890143632,1,True,True,1.0,True,1.0,True,1.0,True,1.0,False,883,-0.0446682767340028,0.0090600226500566,20,-0.0723445855931681,0.0,12,-0.083085737869234,0.0,859,-0.0425510529632963,0.009313154831199,-0.0405346849059377,15,-0.0814664033550888,0.0,5,-0.0486963082912777,0.0,-0.0327700950638111,7,-0.106525865228864,0.0,13,-0.0632227678312474,0.0,-0.0433030973976165,-9.510067031208742e-05,-2.014095191066445e-06,-0.00579637881170558,-0.00020851084427198405,0.017559498507755497,0.0032509047778642598,2,-0.00579637881170558,0.00245139981068984,False,False,False,True,exploratory
MAP4K4,3,0.0192307692307692,0.0151823395516457,-1.0590859022582604,0.3031820632149545,1,True,True,1.0,True,1.0,True,1.0,True,1.0,False,883,-0.0762573834779836,0.0033975084937712,20,-0.0746494179107098,0.0,12,0.0205233500017892,0.0,859,-0.0753693214154347,0.0034924330616996,0.0958926714172239,15,-0.0642365996677735,0.0,5,-0.1264906436300878,0.0,0.0622540439623143,7,-0.0175943224917112,0.0,13,-0.1134419668211686,0.0,0.0958476443294574,-0.0006809723839594521,-5.933338679679977e-05,-0.006581911217533518,-0.00028323808827789747,0.0006703563896727782,0.0006890660032288335,2,-0.006581911217533518,-0.001041005447277676,False,False,False,True,exploratory
NFE2L2,3,0.0192307692307692,0.1131270838218134,0.3271758862822583,0.6005388288114042,1,True,True,1.0,True,1.0,True,1.0,True,1.0,False,883,-0.1959262046701271,0.1030577576443941,20,-0.2453415626161473,0.1,12,-0.2453415626161473,0.0833333333333333,859,-0.1959262046701271,0.1036088474970896,-0.0494153579460202,15,-0.2443381981988008,0.1333333333333333,5,-0.2467251552476402,0.0,0.0023869570488394,7,-0.2463449270334939,0.0,13,-0.209172906302622,0.1538461538461538,-0.0371720207308718,0.0006124308955083103,8.136495374856049e-05,-0.007133428233939411,-0.0009354009932500996,-0.005178834503244781,-0.0004234267360514194,2,-0.007133428233939411,-0.0021628824362048067,False,False,False,True,exploratory
OPTC,4,0.0256410256410256,-0.3212870666180824,-0.6615225233737838,-0.5035123233598828,2,True,True,1.0,True,1.0,True,1.0,True,1.0,False,883,-0.0469635894996458,0.0,20,-0.0781557185574668,0.0,12,-0.0616403535052277,0.0,859,-0.0469635894996458,0.0,-0.0146767640055819,15,-0.076224512289652,0.0,5,-0.101671606678822,0.0,0.0254470943891699,7,-0.0470561947208035,0.0,13,-0.101671606678822,0.0,0.0546154119580184,0.0008648286783963347,9.467913666751015e-05,-0.007506331095617633,-0.0012506206391673662,-0.0062493628231042545,-0.0011745611909618552,2,-0.007506331095617633,-0.002536894655631211,False,False,False,True,exploratory
MED1,3,0.0192307692307692,-1.2343660288516414,-1.0358486437057657,-0.1044720892580385,2,True,True,1.0,True,1.0,True,1.0,True,1.0,False,883,-0.6256500430775592,0.594563986409966,20,-0.5089003998344579,0.5,12,-0.3306908519990821,0.3333333333333333,859,-0.6296841774372602,0.5983701979045402,0.2989933254381781,15,-0.4994323373178689,0.4666666666666667,5,-0.5183684623510469,0.6,0.018936125033178,7,-0.3848678481755234,0.2857142857142857,13,-0.5308169647469455,0.6153846153846154,0.1459491165714221,-0.0003347807389827975,-3.3486227040804916e-05,-0.007974655813641242,-0.0005261007213437666,0.008560085676130078,0.0019265473678561232,2,-0.007974655813641242,0.0002696015904962652,False,False,False,True,exploratory
CHD9,3,0.0192307692307692,0.7830861903803239,-0.05924042073381,0.1882238316587199,1,True,True,1.0,True,1.0,True,1.0,True,1.0,False,883,-0.0005181956127149,0.0,20,-0.0223147112988518,0.0,12,-0.0230903465645343,0.0,859,-6.083403138775205e-05,0.0,-0.0230295125331465,15,-0.0248340908332832,0.0,5,-0.0137713933208145,0.0,-0.0110626975124687,7,-0.0392325952598643,0.0,13,-0.0005181956127149,0.0,-0.0387143996471494,-1.766054506175991e-05,-6.25695340183844e-07,-0.008466562262034433,-0.000891945455620097,0.010999045928141982,0.0020896551193587774,2,-0.008466562262034433,0.0006186511815740476,False,False,False,True,exploratory
ACACA,4,0.0256410256410256,-0.1958619927277162,0.207845505885005,-0.1430461995568444,0,True,True,1.0,True,1.0,True,1.0,True,1.0,False,883,-0.3605307823759587,0.2967157417893544,20,-0.45916631507457,0.45,12,-0.6028561777300008,0.5833333333333334,859,-0.3587212198211819,0.2945285215366705,-0.2441349579088189,15,-0.4247027555625414,0.4,5,-0.5537420328190981,0.6,0.1290392772565566,7,-0.3846414048889963,0.4285714285714285,13,-0.4936298745865988,0.4615384615384615,0.1089884696976025,-0.0008025281054799982,-0.00011030139999718053,-0.00915045013210218,-0.0014604201925213947,0.005696243895875526,0.0007318385118586396,2,-0.00915045013210218,-0.0008492695703944314,False,True,True,False,exploratory
RELN,4,0.0256410256410256,-0.5418574353977301,1.348749371241527,0.625621459562585,3,True,True,1.0,True,1.0,True,1.0,True,1.0,False,883,0.0059228646523853,0.001132502831257,20,0.0239867491010195,0.0,12,0.0300417302576527,0.0,859,0.0034046967966871,0.0011641443538998,0.0266370334609656,15,0.0257050142531185,0.0,5,0.0222684839489205,0.0,0.003436530304198,7,0.0566600808369937,0.0,13,0.0152428811918504,0.0,0.0414171996451433,0.000267954763110733,1.9429748333184614e-05,-0.005559234313955579,-0.0010819109722761788,-0.011025884313725254,-0.002105349548678453,2,-0.011025884313725254,-0.003247499106198591,False,False,False,True,exploratory
DOCK10,3,0.0192307692307692,-0.1218373508741031,1.8359151275239027,-0.4467020060253557,1,True,True,1.0,True,1.0,True,1.0,True,1.0,False,883,0.1233026304249404,0.001132502831257,20,0.1229669977222893,0.0,12,0.1223777669080677,0.0,859,0.1232492265260174,0.0011641443538998,-0.0008714596179496,15,0.1482896420450162,0.0,5,0.053940304236539,0.0,0.0943493378084772,7,0.1482896420450162,0.0,13,0.1212288973151736,0.0,0.0270607447298426,0.00015202803201698923,2.5582565044394924e-05,-0.007441344875975713,-0.001122582423401742,-0.011807280333680949,-0.0015336962290159093,2,-0.011807280333680949,-0.0036212155441688212,False,False,False,True,exploratory
MYO5B,3,0.0192307692307692,0.6533753129026674,-0.031314421697393,-0.1733231628507749,1,True,True,1.0,True,1.0,True,1.0,True,1.0,False,883,0.0110920177381326,0.0,20,0.0186431637622909,0.0,12,-0.0012593538240112,0.0,859,0.0103273624473537,0.0,-0.0115867162713649,15,0.013017218578808,0.0,5,0.0975004540953757,0.0,-0.0844832355165677,7,-0.0136107253861551,0.0,13,0.0513033205336547,0.0,-0.0649140459198098,-0.00014344725946769608,-3.002476029094293e-06,-0.01203715627498537,-0.0013557391020173665,0.01359679585160987,0.0022350063152799683,2,-0.01203715627498537,0.00038207617573171853,False,False,False,True,exploratory
MTUS2,5,0.032051282051282,0.6666254856161393,-0.6185061162244654,-0.0549194147956596,2,True,True,1.0,True,1.0,True,1.0,True,1.0,False,883,0.0818146697807612,0.0,20,0.0519014823988628,0.0,12,0.0782359470375402,0.0,859,0.0818146697807612,0.0,-0.0035787227432209,15,0.0513169969256392,0.0,5,0.0524859678720864,0.0,-0.0011689709464471,7,0.0242869297248628,0.0,13,0.0975790574319311,0.0,-0.0732921277070683,0.0008085333763112815,0.0001000270319254581,-0.013196960229006762,-0.0017335902072570587,-0.00962894621362406,-0.0014485648045067777,2,-0.013196960229006762,-0.004183250174359653,False,False,False,True,exploratory
CEP152,3,0.0192307692307692,0.660756936609272,0.1684761658763741,0.1025726213756902,1,True,True,1.0,True,1.0,True,1.0,True,1.0,False,883,-0.1217106022640508,0.0226500566251415,20,-0.0748896394190873,0.0,12,-0.0220783479059358,0.0,859,-0.1226604679224283,0.0232828870779976,0.1005821200164924,15,-0.0685533598387558,0.0,5,-0.0812259189994189,0.0,0.0126725591606631,7,-0.0591583525424346,0.0,13,-0.1177645658186167,0.0,0.0586062132761821,-0.000762757258625739,-6.535652228616121e-05,-0.013469848165155255,-0.0007562905313855556,0.009159254100047509,0.0025221927469486123,2,-0.013469848165155255,-0.0005621342717427648,False,False,False,True,exploratory
ZMIZ1,3,0.0192307692307692,-0.4803940454632801,-0.5340100453884831,0.129164073033487,1,True,True,1.0,True,1.0,True,1.0,True,1.0,False,883,-0.1364821343066787,0.0271800679501698,20,-0.1620340184756916,0.0,12,-0.1700226795057613,0.0,859,-0.1357986388860883,0.0279394644935972,-0.0342240406196729,15,-0.1947919777516248,0.0,5,-0.1452533812598978,0.0,-0.0495385964917269,7,-0.1417476839675954,0.0,13,-0.1947919777516248,0.0,0.0530442937840293,0.0003760792718948673,5.286470126076657e-05,-0.005004094143129399,-0.0003327215735561676,-0.018537327357328243,-0.0017691674203960683,2,-0.018537327357328243,-0.00420239442020904,False,False,False,True,exploratory
NLRP1,3,0.0192307692307692,-0.4344600695198896,-0.3098059160698083,-0.1684883126005868,0,True,True,1.0,True,1.0,True,1.0,True,1.0,False,883,0.0427778108510697,0.0,20,0.0225974863942523,0.0,12,0.0574811401622067,0.0,859,0.0430370729392287,0.0,0.014444067222978,15,0.0276764681068754,0.0,5,0.0175185046816293,0.0,0.0101579634252461,7,0.0067678122291666,0.0,13,0.0755402610432493,0.0,-0.0687724488140827,-0.00026171851099664845,-3.0839656634292954e-05,0.002114026995051037,0.00024033374259653634,-0.020353442776355802,-0.0034645075467810192,2,-0.020353442776355802,-0.0036260246255200314,False,False,False,False,exploratory
LIPE,3,0.0192307692307692,0.672349684119656,-0.1593762875043841,-0.2429807197465324,1,True,True,1.0,True,1.0,True,1.0,True,1.0,False,883,-0.1377349725580553,0.0033975084937712,20,-0.15008092712428,0.0,12,-0.1707477655993954,0.0,859,-0.1377349725580553,0.0034924330616996,-0.0330127930413401,15,-0.1707457571390153,0.0,5,-0.0794630183835855,0.0,-0.0912827387554298,7,-0.0794630183835855,0.0,13,-0.1707497740597756,0.0,0.0912867556761901,9.103241581783186e-05,1.526901957383634e-05,-0.01982084411359129,-0.00247822964405,-0.024799959573713618,-0.002976851153087112,2,-0.024799959573713618,-0.008328263841508393,False,False,False,True,exploratory
MYO3A,4,0.0256410256410256,0.3925464065072773,-0.3662746483198474,-0.2653997976076991,0,True,True,1.0,True,1.0,True,1.0,True,1.0,False,883,0.0452414395858713,0.0,20,0.0517103054308193,0.0,12,0.1140721970349693,0.0,859,0.0450232925286139,0.0,0.0690489045063554,15,0.0907566554088744,0.0,5,-0.0150830491853595,0.0,0.1058397045942338,7,0.060443776740688,0.0,13,0.0429768341209507,0.0,0.0174669426197373,-0.000904882806491145,-0.00011040209178065612,-0.025102693462064316,-0.0030834883594067367,0.0007285732088985402,0.0005141541139462595,2,-0.025102693462064316,-0.004659789899483009,False,False,False,False,exploratory
THBS1,6,0.0384615384615384,-0.3652698485288977,-0.6919492821744623,-0.2464208806430404,1,True,True,1.0,True,1.0,True,1.0,True,1.0,False,883,-0.0046701899268707,0.0,20,-0.0164933748643391,0.0,12,-0.0287389368454449,0.0,859,-0.0046701899268707,0.0,-0.0240687469185742,15,-0.0079477749435113,0.0,5,-0.0250389747851669,0.0,0.0170911998416556,7,-0.0261318772483755,0.0,13,0.0068195095863938,0.0,-0.0329513868347693,0.00039091002097867324,5.043655712624693e-05,-0.010471132879211734,-0.0011175050356892174,-0.030825582897194007,-0.0032674003857143465,2,-0.030825582897194007,-0.00754004576995073,False,False,False,True,exploratory
PTPRH,3,0.0192307692307692,-0.6058369332841838,0.0916443277495633,-0.3601165209629238,1,True,True,1.0,True,1.0,True,1.0,True,1.0,False,883,0.0679263038941873,0.001132502831257,20,0.064457520513214,0.0,12,0.0686055929371683,0.0,859,0.0678681189329981,0.0011641443538998,0.0007374740041701,15,0.0846155575393882,0.0,5,0.0525956283349484,0.0,0.0320199292044397,7,0.0525956283349484,0.0,13,0.0763194126914796,0.0,-0.0237237843565311,0.0005227914755436454,7.866484485773332e-05,-0.014227360953078113,-0.001731846465559525,-0.03155310536098443,-0.0035347320678015995,2,-0.03155310536098443,-0.008407598087837047,False,False,False,True,exploratory
KIAA1549L,5,0.032051282051282,0.7749212332277309,0.3989024890910101,-0.0210529725656497,1,True,True,1.0,True,1.0,True,1.0,True,1.0,False,883,0.0399154181585544,0.0,20,0.0335589645874749,0.0,12,0.0225843352351645,0.0,859,0.0397910923510066,0.0,-0.017206757115842,15,0.0381282313409417,0.0,5,-0.0168712594533293,0.0,0.0549994907942709,7,0.0409683537536244,0.0,13,0.0161789726363208,0.0,0.0247893811173035,9.377298821817367e-05,5.000081365218929e-06,-0.031538680880988865,-0.004077461358384392,-0.04081611105519659,-0.005645528862171968,2,-0.04081611105519659,-0.01366316818119307,False,False,False,True,exploratory
PDZD2,4,0.0256410256410256,-0.0783280654802818,-0.7738914090909831,0.3883697555252205,1,True,True,1.0,True,1.0,True,1.0,True,1.0,False,883,0.0430746215976696,0.0,20,0.0579517798182463,0.0,12,0.073977601236957,0.0,859,0.0430746215976696,0.0,0.0309029796392874,15,0.0625290939936994,0.0,5,0.0099715665377685,0.0,0.0525575274559309,7,0.0478044376494363,0.0,13,0.0772158315726656,0.0,-0.0294113939232292,0.0011966939792800396,0.00017698247032896472,-0.011531771405882376,-0.001071335962766175,-0.05284662550268302,-0.007174634878529905,2,-0.05284662550268302,-0.011875115216708745,False,False,False,True,exploratory
MEGF10,5,0.032051282051282,0.6136230081687628,0.0557431415904676,-0.2001453934942278,1,True,True,1.0,True,1.0,True,1.0,True,1.0,False,883,0.0685884509968982,0.0,20,0.0884897160903303,0.0,12,0.0884897160903303,0.0,859,0.0685884509968982,0.0,0.019901265093432,15,0.1089702116177844,0.0,5,0.0262457818862075,0.0,0.0827244297315769,7,0.0797500580077086,0.0,13,0.097229374172952,0.0,-0.0174793161652433,-0.000713437625432781,-8.078432255365698e-05,-0.0015741987408613572,8.200529477089258e-05,-0.002027978383990112,-9.29012358713099e-05,1,-0.002027978383990112,-0.0007345491689897208,False,False,False,True,exploratory
MYO1F,3,0.0192307692307692,-0.4249897412005587,0.8812938071967007,1.0723286384272634,2,True,True,1.0,True,1.0,True,1.0,True,1.0,False,883,-0.0259335333553329,0.0,20,-0.030506019257732,0.0,12,-0.0226511919074619,0.0,859,-0.0259335333553329,0.0,0.003282341447871,15,-0.0277310722943589,0.0,5,-0.1097070538581514,0.0,0.0819759815637924,7,-0.0175713115205649,0.0,13,-0.0332809662211052,0.0,0.0157096547005403,-0.0006146429803574082,-7.668679114988512e-05,-0.002811502157744671,-0.0004924331838489686,0.00035982906688099904,-0.00017862439336931683,1,-0.002811502157744671,-0.0006356767399315418,False,False,False,True,exploratory
SLC15A2,4,0.0256410256410256,-0.0529342848429688,0.0991243013094877,-0.3027856847423769,0,True,True,1.0,True,1.0,True,1.0,True,1.0,False,883,-0.0392624241806432,0.0,20,-0.0529387954619366,0.0,12,-0.0366031774135675,0.0,859,-0.0392624241806432,0.0,0.0026592467670756,15,-0.0599701304301147,0.0,5,-0.0459074604937587,0.0,-0.014062669936356,7,-0.0667938193525303,0.0,13,-0.0275742122096656,0.0,-0.0392196071428646,-1.2699093984299511e-05,1.7605661068011402e-05,-0.01164682173753395,-0.0010250769831791299,-0.011776299420475408,-0.0016963634206185452,1,-0.011776299420475408,-0.004356609165787221,False,False,False,False,exploratory
HERC3,3,0.0192307692307692,0.8421165805257769,0.187453788802109,0.3616608789495443,1,True,True,1.0,True,1.0,True,1.0,True,1.0,False,883,-0.0669303964411772,0.0,20,-0.0926990829545344,0.0,12,-0.0882637172455328,0.0,859,-0.0661093522680008,0.0,-0.022154364977532,15,-0.0874098562955067,0.0,5,-0.1756585723334436,0.0,0.0882487160379369,7,-0.0962805877135098,0.0,13,-0.0891175781955591,0.0,-0.0071630095179506,-5.885612993940947e-05,1.9405113776604904e-06,-0.0021893360574368565,-1.4911796152060345e-05,-0.012653143578966084,-0.0010216707644796574,1,-0.012653143578966084,-0.002655996302599401,False,False,False,True,exploratory
SVEP1,3,0.0192307692307692,-0.5071393105641749,-0.4301814785051679,0.2884785248790407,1,True,True,1.0,True,1.0,True,1.0,True,1.0,False,883,0.0269093248091569,0.0,20,0.0153472964904313,0.0,12,-0.0364502701749475,0.0,859,0.0275440248692531,0.0,-0.0639942950442006,15,0.0269093248091569,0.0,5,-0.0794884801935144,0.0,0.1063978050026712,7,-0.0529105337949646,0.0,13,0.0302633553918464,0.0,-0.083173889186811,-0.00010885768406183812,3.618077853139068e-05,-0.013313319660206258,-0.001458221416902813,-0.004789207900059444,-0.00038787605937758065,1,-0.013313319660206258,-0.0033368836570127577,False,False,False,True,exploratory
MYO18B,3,0.0192307692307692,0.3958403590635413,0.8965340569130962,1.0640813545143322,2,True,True,1.0,True,1.0,True,1.0,True,1.0,False,883,0.0277305106457922,0.001132502831257,20,0.0851497801887699,0.0,12,0.0541492116651221,0.0,859,0.0272228069851901,0.0011641443538998,0.026926404679932,15,0.0795108177762347,0.0,5,0.1513979962046112,0.0,-0.0718871784283765,7,0.0795108177762347,0.0,13,0.0907887426013051,0.0,-0.0112779248250703,-0.005051764137264764,-0.00014436154485558095,-0.005445794636530269,0.00012902762679208707,-0.01591757916883757,-0.0010299268308923955,1,-0.01591757916883757,-0.004576733115264749,False,False,False,True,exploratory
NPNT,6,0.0384615384615384,-0.4647818861089671,-0.1498229813785377,0.1425031437757714,0,True,True,1.0,True,1.0,True,1.0,True,1.0,False,883,-0.0271854797744208,0.001132502831257,20,-0.0521238608682263,0.0,12,-0.0435951193366719,0.0,859,-0.0265144983218552,0.0011641443538998,-0.0170806210148167,15,-0.0568388115305448,0.0,5,-0.0497915144243072,0.0,-0.0070472971062375,7,-0.0679262453359038,0.0,13,-0.0497915144243072,0.0,-0.0181347309115966,-9.56131764826061e-05,2.467254032994767e-07,-0.016409690035522288,-0.0019153911832975195,-0.014066111336440396,-0.0015141540477582659,1,-0.016409690035522288,-0.005666785509016296,False,False,False,False,exploratory
ALDOB,4,0.0256410256410256,0.3873277911678807,-0.8665181910329953,0.3888930481765189,1,True,True,1.0,True,1.0,True,1.0,True,1.0,False,883,-0.0578862598064194,0.0,20,-0.0631361929903564,0.0,12,-0.0871263870873681,0.0,859,-0.0578862598064194,0.0,-0.0292401272809487,15,-0.0773189456150795,0.0,5,-0.0027063608336105,0.0,-0.074612584781469,7,-0.1120057242584995,0.0,13,-0.0615493047960036,0.0,-0.0504564194624959,1.210148195609946e-05,-1.992591854128889e-06,-0.013530183092724588,-0.001879026162509069,-0.017933932109610133,-0.002445978928440806,1,-0.017933932109610133,-0.005963168567197104,False,False,False,True,exploratory
LRRCC1,3,0.0192307692307692,0.3692659239118487,-0.126606594666574,-0.7461837342701942,1,True,True,1.0,True,1.0,True,1.0,True,1.0,False,883,0.0949729629330659,0.001132502831257,20,0.0856039107202084,0.0,12,0.0964400209912146,0.0,859,0.0958110958986007,0.0011641443538998,0.0006289250926139,15,0.0821341195422342,0.0,5,0.1107459224401951,0.0,-0.0286118028979609,7,0.0821341195422342,0.0,13,0.0890737018981826,0.0,-0.0069395823559484,-9.392812815026124e-06,5.065375905895958e-06,-0.025753629940470337,-0.0031668764051923123,-0.02224599711153592,-0.0029426307406583245,1,-0.025753629940470337,-0.009018910272461003,False,False,False,True,exploratory
MYH4,7,0.0448717948717948,-0.4189802853140434,-0.3035394951423363,-0.0546523454125985,0,True,True,1.0,True,1.0,True,1.0,True,1.0,False,883,0.0004439496510091,0.0,20,0.0137479910018913,0.0,12,0.0228439463483786,0.0,859,-0.0001294679199775,0.0,0.0229734142683562,15,0.0102107787402548,0.0,5,0.0172852032635279,0.0,-0.007074424523273,7,0.0234512966934039,0.0,13,0.0102107787402548,0.0,0.0132405179531491,-0.0005154343630105401,-2.849416952924594e-05,-0.0010557538200033467,-9.369858707643962e-05,-0.00021088553223440134,-7.701540072197747e-05,0,-0.0010557538200033467,-0.0003302136454293252,False,False,False,False,exploratory
PRUNE2,3,0.0192307692307692,0.6401099524851109,-0.5445212709491515,0.3350860841395803,2,True,True,1.0,True,1.0,True,1.0,True,1.0,False,883,-0.0333904253815781,0.0,20,-0.0321593510555965,0.0,12,-0.0496219681933403,0.0,859,-0.0333672065731284,0.0,-0.0162547616202119,15,-0.0175351943371327,0.0,5,-0.0824593005413409,0.0,0.0649241062042082,7,-0.0176007320061102,0.0,13,-0.0525259662815979,0.0,0.0349252342754877,-0.0003342419287497577,-5.026710067788225e-05,-0.00341851056599592,-0.0006688624474507108,-0.0022237516010584152,-0.0004487571412566941,0,-0.00341851056599592,-0.0011907317975315634,False,False,False,True,exploratory
MACF1,5,0.032051282051282,0.3290928297788502,-0.4374591327188221,0.3850819145830951,0,True,True,1.0,True,1.0,True,1.0,True,1.0,False,883,-0.1333186240830532,0.0056625141562853,20,-0.1684151799956141,0.0,12,-0.1699141907722701,0.0,859,-0.1331370967759142,0.0058207217694994,-0.0367770939963559,15,-0.1530782866910977,0.0,5,-0.1867091652021513,0.0,0.0336308785110536,7,-0.1530782866910977,0.0,13,-0.1867091652021513,0.0,0.0336308785110536,-0.00022837179765410927,-2.633614633816087e-05,-0.0034222713508860777,-0.00042656193232408783,-0.0024695343048739913,-0.00031665609434674554,0,-0.0034222713508860777,-0.0011482886044038622,False,False,False,False,exploratory
ZNFX1,4,0.0256410256410256,0.3800685261419366,0.6182751030490089,1.081847664684464,2,True,True,1.0,True,1.0,True,1.0,True,1.0,False,883,-0.0586781673785012,0.0237825594563986,20,-0.0505989794337258,0.1,12,-0.0488805372972403,0.1666666666666666,859,-0.0592895408870077,0.0221187427240977,0.0104090035897673,15,-0.0521190957576217,0.1333333333333333,5,-0.0490788631098299,0.0,-0.0030402326477917,7,0.0014988187156466,0.0,13,-0.057159213364542,0.1538461538461538,0.0586580320801886,-0.0006845347193367304,-7.672535002849976e-05,-0.004415549600998748,-0.0005687851044634733,-0.002168364476756407,-0.00035099931679128467,0,-0.004415549600998748,-0.0013774930947291905,False,False,False,True,exploratory
HERC1,4,0.0256410256410256,-0.2941594285461312,-0.1285513142537204,0.1402195455741935,0,True,True,1.0,True,1.0,True,1.0,True,1.0,False,883,0.0025848964461494,0.0045300113250283,20,0.0157688181834314,0.0,12,-0.0053705706555967,0.0,859,0.0022640373321199,0.0046565774155995,-0.0076346079877166,15,-0.0531452683401907,0.0,5,0.1749612611963283,0.0,-0.228106529536519,7,-0.0108664906621344,0.0,13,0.0424041270289972,0.0,-0.0532706176911316,-0.000302662667928868,-2.934610513250105e-05,-0.0048298827743983135,-0.0006436646627974925,-0.001070140404062185,-4.580755281882227e-05,0,-0.0048298827743983135,-0.0011535840278563637,False,False,False,False,exploratory
PLXNA1,3,0.0192307692307692,-0.3780680263405122,-1.192354336546104,0.699004556279102,2,True,True,1.0,True,1.0,True,1.0,True,1.0,False,883,0.0009282417249021,0.0,20,0.0179495009623626,0.0,12,0.0674566504161335,0.0,859,0.0009231755879635,0.0,0.06653347482817,15,0.0114832192785639,0.0,5,0.0899464436138403,0.0,-0.0784632243352764,7,0.0899464436138403,0.0,13,-0.0567529948344143,0.0,0.1466994384482546,-0.00026815953549780253,-2.8241090355772343e-05,-0.003661024077613532,-0.0003706799751936114,-0.0067618164370985305,-0.0007551796516173919,0,-0.0067618164370985305,-0.00197418346122944,False,False,False,True,exploratory
PKN3,3,0.0192307692307692,0.8086372191251185,0.2388284664791846,-1.118551296371337,2,True,True,1.0,True,1.0,True,1.0,True,1.0,False,883,-0.1452649909438128,0.0067950169875424,20,-0.1527926144931592,0.0,12,-0.1789561317179294,0.0,859,-0.1451868920222838,0.0069848661233993,-0.0337692396956456,15,-0.1598339547548011,0.0,5,-0.0360500450584596,0.0,-0.1237839096963415,7,-0.1587660420823977,0.0,13,-0.0964691267962924,0.0,-0.0622969152861053,-0.00024702767814394934,-3.39623899485715e-05,-0.007032476772750719,-0.0010745769813020846,-0.006940276428188582,-0.0010762300585895363,0,-0.007032476772750719,-0.002734091718153907,False,False,False,True,exploratory
NPHP1,3,0.0192307692307692,0.6535294016215787,-0.3461488295959906,0.5400450356424239,2,True,True,1.0,True,1.0,True,1.0,True,1.0,False,883,-0.1202385637441117,0.0045300113250283,20,-0.1239608525758729,0.0,12,-0.1163317041918123,0.0,859,-0.1214540100055716,0.0046565774155995,0.0051223058137592,15,-0.1291258509371826,0.0,5,-0.107103459976466,0.0,-0.0220223909607165,7,-0.1050235194577721,0.0,13,-0.1831541505110229,0.0,0.0781306310532508,-0.00036234258100587544,-3.661425162534573e-05,-0.0038942920264890906,-0.0002901371011934441,-0.007381720828142226,-0.0008555254094659675,0,-0.007381720828142226,-0.0021367720329869915,False,False,False,True,exploratory
MYH2,3,0.0192307692307692,0.2941861315960732,0.1452985350389559,0.1182104631572251,0,True,True,1.0,True,1.0,True,1.0,True,1.0,False,883,0.0350148739568783,0.0,20,-0.0083788162305129,0.0,12,-0.0271679014764235,0.0,859,0.0350148739568783,0.0,-0.0621827754333018,15,-0.0164654164768562,0.0,5,0.0882395030437626,0.0,-0.1047049195206188,7,-0.0278419961206256,0.0,13,0.0828930831892609,0.0,-0.1107350793098865,-0.0001846406544626404,-2.922263666505959e-05,-0.006146835512579265,-0.000918834548870206,-0.007432367151711942,-0.0010590864403389202,0,-0.007432367151711942,-0.002628497824104672,False,False,False,False,exploratory
ZNF804A,3,0.0192307692307692,0.4305774921606307,-0.146307628387272,-0.1118403092714734,0,True,True,1.0,True,1.0,True,1.0,True,1.0,False,883,0.0834422146723858,0.0,20,0.0880993995369931,0.0,12,0.0776666602950142,0.0,859,0.0834422146723858,0.0,-0.0057755543773715,15,0.0823160426542318,0.0,5,0.1470345980197854,0.0,-0.0647185553655536,7,0.1292070388279556,0.0,13,0.0798985316495346,0.0,0.0493085071784209,-0.0001796047762810242,-2.3021977253259996e-05,-0.007763543071518274,-0.001010934012528846,-0.004468388064727922,-0.0005950577890574278,0,-0.007763543071518274,-0.002340091615227792,False,False,False,False,exploratory
ARHGEF7,3,0.0192307692307692,0.1119034153385702,0.0552068754913581,0.21814047438295,0,True,True,1.0,True,1.0,True,1.0,True,1.0,False,883,-0.197052685558387,0.2072480181200453,20,-0.1697381085343777,0.1,12,-0.0356399291317786,0.0833333333333333,859,-0.196120508961238,0.2083818393480791,0.1604805798294594,15,-0.0670719859356992,0.1333333333333333,5,-0.1843943999046523,0.0,0.1173224139689531,7,-0.1843943999046523,0.1428571428571428,13,-0.1550818171641032,0.0769230769230769,-0.0293125827405491,-0.0005053809596549774,-7.319681004657147e-05,-0.007852104006937128,-0.0013646928593204271,-0.005386261086690797,-0.0010560823091289493,0,-0.007852104006937128,-0.0027062863386298082,False,False,False,False,exploratory
DSC3,3,0.0192307692307692,0.2232833288999638,0.5474024796339784,-0.1846082846768241,1,True,True,1.0,True,1.0,True,1.0,True,1.0,False,883,0.0290496940193536,0.0,20,-0.0038006535685044,0.0,12,0.0100241458790829,0.0,859,0.0292169020472453,0.0,-0.0191927561681623,15,0.0180465988061319,0.0,5,-0.0385464610986569,0.0,0.0565930599047888,7,0.0180465988061319,0.0,13,-0.0096030000890428,0.0,0.0276495988951747,-0.0004342321987977924,-4.706439484278131e-05,-0.0033943554510866576,-0.0005597939305807216,-0.008508883911885338,-0.0011991420415079163,0,-0.008508883911885338,-0.002357245321450201,False,False,False,True,exploratory
ALK,3,0.0192307692307692,-0.5097898505109528,-0.073726402989919,1.2721987090469755,2,True,True,1.0,True,1.0,True,1.0,True,1.0,False,883,-0.0497057896831675,0.0056625141562853,20,-0.0781877036592325,0.0,12,-0.0853715439300455,0.0,859,-0.0465609816558054,0.0058207217694994,-0.0388105622742401,15,-0.079713202747805,0.0,5,-0.07666220457066,0.0,-0.0030509981771449,7,-0.084353647981288,0.0,13,-0.07666220457066,0.0,-0.0076914434106279,-0.0005333254403629435,-6.014640185974179e-05,-0.006582728482700896,-0.0007665412234499538,-0.009081911087506946,-0.0011744438226745965,0,-0.009081911087506946,-0.003033182743092513,False,False,False,True,exploratory
FAT1,4,0.0256410256410256,0.1359749882951489,-0.4252907152038135,-0.9637392087824098,1,True,True,1.0,True,1.0,True,1.0,True,1.0,False,883,0.0456355561300493,0.0,20,0.0176152993136728,0.0,12,0.058424198313843,0.0,859,0.0461186544547969,0.0,0.0123055438590461,15,-0.0037723153578603,0.0,5,0.0200243014158696,0.0,-0.0237966167737299,7,0.0712128404976368,0.0,13,0.0160583544139215,0.0,0.0551544860837153,-0.0008607848756639636,-0.00010586388106858693,-0.008072611851079112,-0.0011910550644144012,-0.009846369100089628,-0.0013939501494402494,0,-0.009846369100089628,-0.00357843915362599,False,False,False,True,exploratory
SGK2,3,0.0192307692307692,-1.7503010375382986,1.0050340146792471,0.3433079110532092,2,True,True,1.0,True,1.0,True,1.0,True,1.0,False,883,-0.0633390921466172,0.0022650056625141,20,-0.0286692157794451,0.05,12,-0.0286692157794451,0.0,859,-0.0633876196555652,0.0011641443538998,0.03471840387612,15,-0.0146276115050411,0.0,5,-0.0868026927117343,0.2,0.0721750812066931,7,-0.0427108200538493,0.0,13,-0.0146276115050411,0.0769230769230769,-0.0280832085488082,-0.00043106119489322883,-5.327656641454893e-05,-0.00587553679362985,-0.0007948181612145529,-0.010244577794241344,-0.0014179433919369057,0,-0.010244577794241344,-0.0031362023170550713,False,False,False,True,exploratory
MUC4,3,0.0192307692307692,0.1482458992420837,0.3987668699094973,0.0353963255282413,0,True,True,1.0,True,1.0,True,1.0,True,1.0,False,883,0.0957589804490979,0.0,20,0.1159138152219422,0.0,12,0.1078849521950252,0.0,859,0.094820803998447,0.0,0.0130641481965781,15,0.1326104968734604,0.0,5,0.0390511707004703,0.0,0.0935593261729901,7,0.115648619827066,0.0,13,0.1161790106168185,0.0,-0.0005303907897525,-0.0004599955850207242,-2.081149155955992e-05,-0.010495613476849767,-0.000420561873885838,-0.006695705819803536,-0.00010975447632598219,0,-0.010495613476849767,-0.003033740453907568,False,False,False,False,exploratory
EEA1,3,0.0192307692307692,-0.7747032547333956,0.5066431162989763,-0.4329990942797664,2,True,True,1.0,True,1.0,True,1.0,True,1.0,False,883,-0.0431496534702853,0.001132502831257,20,-0.0263424207927686,0.0,12,-0.0116771539583069,0.0,859,-0.0431496534702853,0.0011641443538998,0.0314724995119783,15,-0.0392508644353237,0.0,5,-0.0134339771502136,0.0,-0.0258168872851101,7,-0.063121082781858,0.0,13,-0.0134339771502136,0.0,-0.0496871056316444,-0.00017838379559820703,-1.9827253585084566e-05,-0.007754737123941948,-0.0008813992201474683,-0.012150614017990098,-0.0014252029223712837,0,-0.012150614017990098,-0.003735027388939015,False,False,False,True,exploratory
PEG3,3,0.0192307692307692,-0.6872561111934211,-0.1023060865013184,1.843915357475506,2,True,True,1.0,True,1.0,True,1.0,True,1.0,False,883,0.091915369332571,0.0,20,0.102595956806769,0.0,12,0.1067699850411671,0.0,859,0.0918055229731333,0.0,0.0149644620680338,15,0.1102808130586944,0.0,5,-0.0176547874176556,0.0,0.12793560047635,7,0.1019327565898981,0.0,13,0.1081904405530359,0.0,-0.0062576839631377,-0.0005322258853046548,-6.102893723777257e-05,-0.009358716665225997,-0.0011995334279232784,-0.012495270771750253,-0.0014125649351537288,0,-0.012495270771750253,-0.004176556770432614,False,False,False,True,exploratory
STRN3,3,0.0192307692307692,-0.3516548748690254,-0.1922492180472475,-0.4771914975503225,0,True,True,1.0,True,1.0,True,1.0,True,1.0,False,883,-0.1735128989353225,0.015855039637599,20,-0.1531579458842448,0.0,12,-0.1920315234779924,0.0,859,-0.1740853021815243,0.0162980209545983,-0.0179462212964681,15,-0.1903355098050263,0.0,5,-0.1154102844121467,0.0,-0.0749252253928796,7,-0.271907559756072,0.0,13,-0.1274029650864258,0.0,-0.1445045946696462,-0.00022404903144433038,-1.7186956574691793e-05,-0.0055140926552120495,-0.0006174870300325742,-0.013496551385785349,-0.0017616802615276527,0,-0.013496551385785349,-0.0036051745534294408,False,False,False,False,exploratory
ZZEF1,3,0.0192307692307692,-0.2703627764570224,-0.2014411222852555,0.1733567901890784,0,True,True,1.0,True,1.0,True,1.0,True,1.0,False,883,-0.1296667255962384,0.0079275198187995,20,-0.1056179108958392,0.0,12,-0.1056179108958392,0.0,859,-0.130069336538032,0.0081490104772991,0.0244514256421927,15,-0.0987811054155402,0.0,5,-0.1362463997584113,0.0,0.0374652943428711,7,-0.1362463997584113,0.0,13,-0.0987811054155402,0.0,-0.0374652943428711,-0.00018120245891510458,-1.8070057302916015e-05,-0.00760217423311675,-0.0009059329160508459,-0.013820412047067196,-0.0019252481598564287,0,-0.013820412047067196,-0.004075506645384873,False,False,False,False,exploratory
CPAMD8,3,0.0192307692307692,0.0961999709202038,-0.4268075382140502,-0.3234176553734467,0,True,True,1.0,True,1.0,True,1.0,True,1.0,False,883,-0.3369636716846413,0.1698754246885617,20,-0.3210897172485127,0.25,12,-0.2582032334878094,0.1666666666666666,859,-0.3370913431759886,0.1688009313154831,0.0788881096881792,15,-0.2859311156969291,0.2666666666666666,5,-0.3562483188000965,0.2,0.0703172031031674,7,-0.2859311156969291,0.2857142857142857,13,-0.3653666934832254,0.2307692307692307,0.0794355777862963,-0.0002941639506711547,-3.463160006228269e-05,-0.014057531195317973,-0.0016431418324212043,-0.01012274512927982,-0.0011741836947464631,0,-0.014057531195317973,-0.004554399567083149,False,False,False,False,exploratory
VLDLR,4,0.0256410256410256,-1.5282438187038818,-0.8789348610290713,0.1989985236562705,2,True,True,1.0,True,1.0,True,1.0,True,1.0,False,883,0.0980596785464627,0.0,20,0.1380446190727552,0.0,12,0.1396337310727977,0.0,859,0.0974835486800801,0.0,0.0421501823927175,15,0.1114387839657069,0.0,5,0.1678286781798885,0.0,-0.0563898942141816,7,0.1678286781798885,0.0,13,0.1334893081058548,0.0,0.0343393700740337,-0.0006217771499695725,-5.7014180882264347e-05,-0.014078746865174298,-0.0012683545370548038,-0.013854717064844103,-0.0013154669596048337,0,-0.014078746865174298,-0.005199346126254979,False,False,False,True,exploratory
OTX1,3,0.0192307692307692,1.3356119110570686,-0.2773422742801459,-0.1147198872483743,1,True,True,1.0,True,1.0,True,1.0,True,1.0,False,883,-0.1170075210380993,0.0101925254813137,20,-0.0946275912294392,0.0,12,-0.0946275912294392,0.0,859,-0.1176946983182622,0.0104772991850989,0.0230671070888229,15,-0.0953882789612726,0.0,5,-0.0786590415694826,0.0,-0.0167292373917899,7,-0.0787166706829969,0.0,13,-0.1118757846943892,0.0,0.0331591140113923,-0.0002030277405308096,-1.8777608232055233e-05,-0.010194761892659542,-0.0010810973991969715,-0.014087081583157525,-0.0015240720553643058,0,-0.014087081583157525,-0.004518136379856868,False,False,False,True,exploratory
MEP1B,3,0.0192307692307692,0.1635967191709541,-0.2306992624635365,0.0035522773296,0,True,True,1.0,True,1.0,True,1.0,True,1.0,False,883,0.0229325378575912,0.0,20,0.0385212021353436,0.0,12,0.0264076399136217,0.0,859,0.0222019853008589,0.0,0.0042056546127628,15,0.0256858628257103,0.0,5,0.0466552313758474,0.0,-0.0209693685501371,7,-0.0311347817045064,0.0,13,0.0549470650904182,0.0,-0.0860818467949246,-0.00013959873852584145,-2.163760332496918e-05,-0.014533437863214399,-0.0023085356149005524,-0.01360872651899423,-0.001988662097024659,0,-0.014533437863214399,-0.005433433072664109,False,False,False,False,exploratory
ITGAX,3,0.0192307692307692,-0.4718895070214839,4.443365693168801,-0.6435260793978157,2,True,True,1.0,True,1.0,True,1.0,True,1.0,False,883,-0.0261575857388119,0.0,20,-0.0437778168176543,0.0,12,-0.0121739892638377,0.0,859,-0.0261528426160783,0.0,0.0139788533522405,15,-0.0341241447878917,0.0,5,-0.0534314888474169,0.0,0.0193073440595252,7,-0.0543578201213097,0.0,13,-0.0341241447878917,0.0,-0.020233675333418,-0.00037111555245269626,-4.111303721396328e-05,-0.011270101200409327,-0.0011712610396562388,-0.015373025776582453,-0.0014703520292171617,0,-0.015373025776582453,-0.00494949477258864,False,False,False,True,exploratory
AJUBA,3,0.0192307692307692,1.030298752338766,-0.6518532178486713,0.7348582194448776,3,True,True,1.0,True,1.0,True,1.0,True,1.0,False,883,0.007739872426286,0.001132502831257,20,-0.0070123250778027,0.0,12,0.005517213581688,0.0,859,0.0077832477979957,0.0011641443538998,-0.0022660342163076,15,-0.0017464674229801,0.0,5,-0.0122781827326254,0.0,0.0105317153096453,7,0.0233126098960015,0.0,13,-0.0159397583327423,0.0,0.0392523682287438,-0.00017314023548839247,-2.4702364851535535e-05,-0.006687344023209763,-0.0008797256142055998,-0.01604447880621983,-0.0022354264638246657,0,-0.01604447880621983,-0.004340802917966631,False,False,False,True,exploratory
TNIK,3,0.0192307692307692,-0.6347619277551929,0.0480966693147699,0.2352980655407346,1,True,True,1.0,True,1.0,True,1.0,True,1.0,False,883,-0.0080466435872915,0.0,20,-0.0717770089208616,0.0,12,-0.0717770089208616,0.0,859,-0.007148958742319,0.0,-0.0646280501785426,15,-0.0649390521053299,0.0,5,-0.085963870574501,0.0,0.0210248184691711,7,-0.023444968241315,0.0,13,-0.0786149657363933,0.0,0.0551699974950783,-0.0001192539893638777,-2.7136452498029744e-06,-0.0034357768989661795,-1.5384160972875082e-05,-0.01627643648802407,-0.0017928495954785783,0,-0.01627643648802407,-0.0036070691296758977,False,False,False,True,exploratory
PAN3,3,0.0192307692307692,0.4233301917125413,-0.7962659987366358,0.2920926437407461,1,True,True,1.0,True,1.0,True,1.0,True,1.0,False,883,-0.0930444992757503,0.0022650056625141,20,-0.0783952397395714,0.0,12,-0.1100565662565771,0.0,859,-0.0934161875295479,0.0023282887077997,-0.0166403787270292,15,-0.0833785208022708,0.0,5,-0.0703253615987222,0.0,-0.0130531592035486,7,-0.1367346117108834,0.0,13,-0.073411958676872,0.0,-0.0633226530340114,-0.00011775495996312966,-1.5219794506081608e-05,-0.0168628823790605,-0.002278451443924481,-0.014992174716315108,-0.0020484897451261705,0,-0.0168628823790605,-0.006052495506482579,False,False,False,True,exploratory
CPEB1,3,0.0192307692307692,-0.2350685405743466,0.4345844070364653,0.0681440299337597,0,True,True,1.0,True,1.0,True,1.0,True,1.0,False,883,-0.024248098601771,0.001132502831257,20,-0.026772640860125,0.0,12,-0.0527514082057557,0.0,859,-0.0244325993633671,0.0011641443538998,-0.0283188088423886,15,-0.0460570700458698,0.0,5,-0.0074882116743803,0.0,-0.0385688583714895,7,-0.0070508786539213,0.0,13,-0.0460570700458698,0.0,0.0390061913919485,-0.0005018881572035284,-5.912161664522374e-05,-0.017539152128177127,-0.002123186163594761,-0.012519018688424404,-0.0014188596224787523,0,-0.017539152128177127,-0.005693537729420633,False,False,False,False,exploratory
NOTCH2,5,0.032051282051282,0.0723896681232505,-0.2522761154558452,-0.0169017066888184,0,True,True,1.0,True,1.0,True,1.0,True,1.0,False,883,-0.0801992407403681,0.0056625141562853,20,-0.0598233586524105,0.0,12,-0.0159150192039371,0.0,859,-0.0816422863948482,0.0058207217694994,0.0657272671909111,15,-0.0731463410664302,0.0,5,0.010613741353049,0.0,-0.0837600824194792,7,0.0709147821760902,0.0,13,-0.0731463410664302,0.0,0.1440611232425204,-0.000734954710228057,-9.513015976181147e-05,-0.017627149422269315,-0.0022767275416366406,-0.004361380514297205,-0.0003623008290385676,0,-0.017627149422269315,-0.004242940529538599,False,False,False,False,exploratory
UBR1,3,0.0192307692307692,-0.3340457675005682,-0.031189161663589,0.3056593707057062,0,True,True,1.0,True,1.0,True,1.0,True,1.0,False,883,-0.0288617181072602,0.0022650056625141,20,-0.0158522043078974,0.0,12,-0.0167832371091365,0.0,859,-0.0300336699416767,0.0023282887077997,0.0132504328325401,15,-0.0176655876826577,0.0,5,-0.0008870992472283,0.0,-0.0167784884354294,7,0.0442323774207377,0.0,13,-0.0299551220307946,0.0,0.0741874994515323,-0.0003427379957404414,-3.72769491720061e-05,-0.018646995295852408,-0.0022053535197956472,-0.00946824036905055,-0.0007401633880141532,0,-0.018646995295852408,-0.005240127919604202,False,False,False,False,exploratory
ROBO2,4,0.0256410256410256,0.0766764723924233,0.3554207065184698,-0.5010233935097436,1,True,True,1.0,True,1.0,True,1.0,True,1.0,False,883,-0.04503741845934,0.0,20,-0.0619154435995237,0.0,12,-0.0469030892491362,0.0,859,-0.0448748227711303,0.0,-0.0020282664780058,15,-0.0756186531649431,0.0,5,-0.0227531385310734,0.0,-0.0528655146338696,7,-0.0482122340341044,0.0,13,-0.0756186531649431,0.0,0.0274064191308386,-0.0034489063402559925,-0.00027359927626214307,-0.018647826653308223,-0.002277736300691629,-0.01359998724693815,-0.0016579171717381203,0,-0.018647826653308223,-0.0066509954981990435,False,False,False,True,exploratory
EP300,4,0.0256410256410256,-0.7740004098181976,-0.1989608290727091,0.2288682709021058,1,True,True,1.0,True,1.0,True,1.0,True,1.0,False,883,-0.256040838968168,0.2819932049830124,20,-0.1677287337022976,0.15,12,-0.2766722878845651,0.1666666666666666,859,-0.2565274475189723,0.2840512223515716,-0.0201448403655928,15,-0.1766833950033466,0.2,5,-0.1501775190242292,0.0,-0.0265058759791173,7,-0.0906882285661776,0.1428571428571428,13,-0.2202263516138932,0.1538461538461538,0.1295381230477156,-0.0003382866223977622,-4.0567055515407904e-05,-0.01472976909062107,-0.0017986216641599194,-0.019351489922968115,-0.0026320000289353834,0,-0.019351489922968115,-0.00648178906409961,False,False,False,True,exploratory
PITPNM2,3,0.0192307692307692,-0.1968495699506525,0.5193824282826196,-0.5305505568512954,2,True,True,1.0,True,1.0,True,1.0,True,1.0,False,883,-0.0211420397180523,0.0033975084937712,20,-0.0113786079404676,0.0,12,0.0229986686097546,0.0,859,-0.021809271937212,0.0034924330616996,0.0448079405469666,15,0.0035314442179537,0.0,5,-0.0154101513040202,0.0,0.0189415955219739,7,0.0167850355592661,0.0,13,-0.0129914731538667,0.0,0.0297765087131328,-0.00022681280643920378,-3.1961420879060974e-05,-0.019562908067286635,-0.002769007297927913,-0.012929865224412812,-0.0019536963071216233,0,-0.019562908067286635,-0.006245708520677875,False,False,False,True,exploratory
AP4E1,3,0.0192307692307692,0.3719494673786453,0.1078539806428389,-0.1242620972634162,0,True,True,1.0,True,1.0,True,1.0,True,1.0,False,883,-0.009248328063933,0.001132502831257,20,0.0314320845297136,0.0,12,0.0356401831563721,0.0,859,-0.0101600982945528,0.0011641443538998,0.0458002814509249,15,0.0133588059728678,0.0,5,0.0560007239841429,0.0,-0.0426419180112751,7,0.0560007239841429,0.0,13,0.0152796423286013,0.0,0.0407210816555416,-0.0010169192738737657,-0.00013832531661516149,-0.019906124362851597,-0.002760462655744723,-0.01691749326260718,-0.0019380023473921904,0,-0.019906124362851597,-0.007112887869847438,False,False,False,False,exploratory
CAMTA2,3,0.0192307692307692,0.6096351875369965,-0.0606627902946246,0.8818353243532479,2,True,True,1.0,True,1.0,True,1.0,True,1.0,False,883,-0.0763780986788797,0.0022650056625141,20,-0.1105481379376888,0.0,12,-0.1404611242309608,0.0,859,-0.0757542092903282,0.0023282887077997,-0.0647069149406326,15,-0.1254129904588613,0.0,5,-0.0956832854165164,0.0,-0.0297297050423449,7,-0.1399012426121231,0.0,13,-0.0956832854165164,0.0,-0.0442179571956067,-0.0001878907059452454,-1.5309339824530927e-05,-0.020132818565598617,-0.002223579953326006,-0.008230419416529047,-0.0003917531218026229,0,-0.020132818565598617,-0.005196961850504345,False,False,False,True,exploratory
UTRN,3,0.0192307692307692,0.0493253599996827,0.3954240747638312,0.5557560748942362,1,True,True,1.0,True,1.0,True,1.0,True,1.0,False,883,-0.0017514742632098,0.001132502831257,20,-0.0133853570535704,0.0,12,-0.004932255390973,0.0,859,-0.0015828886465057,0.0011641443538998,-0.0033493667444672,15,-0.0134835751515462,0.0,5,0.0201734750665815,0.0,-0.0336570502181277,7,0.0068770565286842,0.0,13,-0.0134835751515462,0.0,0.0203606316802304,-0.00041226732526616954,-4.053000780558715e-05,-0.009054655648823386,-0.0009235199122258088,-0.020263029597053468,-0.0025332108466536592,0,-0.020263029597053468,-0.005537868889638013,False,False,False,True,exploratory
CTNNA3,3,0.0192307692307692,-0.1364054781635832,-0.5937071192128601,0.3505440484786635,1,True,True,1.0,True,1.0,True,1.0,True,1.0,False,883,-0.0289322479505647,0.0,20,-0.0145686205174141,0.0,12,-0.0058338502194982,0.0,859,-0.0290917253549017,0.0,0.0232578751354034,15,-0.0320010215764411,0.0,5,0.0424366588808629,0.0,-0.074437680457304,7,-0.0133433104911466,0.0,13,-0.0157939305436816,0.0,0.002450620052535,-0.0008691786297812726,-8.949048638456903e-05,-0.020477245339402827,-0.002170689755005363,-0.005932494476460699,-0.0007437768160767083,0,-0.020477245339402827,-0.00504714591718524,False,False,False,True,exploratory
PTPRN2,3,0.0192307692307692,0.2696625207289089,-0.853775063429027,-0.5175774499989126,2,True,True,1.0,True,1.0,True,1.0,True,1.0,False,883,0.0251852587478298,0.0,20,0.0289000132029076,0.0,12,0.0216765190545007,0.0,859,0.025654455507002,0.0,-0.0039779364525012,15,0.0079850699375464,0.0,5,0.0887969700384561,0.0,-0.0808119001009097,7,0.02243205823436,0.0,13,0.0520208893166203,0.0,-0.0295888310822603,-0.0003952415476642189,-5.061494211944104e-05,-0.014256393987469635,-0.0021420839567140794,-0.02233228450781265,-0.0031732467237947444,0,-0.02233228450781265,-0.0070583109442624616,False,False,False,True,exploratory
MLH3,3,0.0192307692307692,0.0653132875254206,-0.0465953055737244,0.6355941223231834,1,True,True,1.0,True,1.0,True,1.0,True,1.0,False,883,-0.1613792122828664,0.0056625141562853,20,-0.1627100925723328,0.0,12,-0.1542436146875675,0.0,859,-0.1619555753368302,0.0058207217694994,0.0077119606492626,15,-0.1792713696918587,0.0,5,-0.0881091851237217,0.0,-0.0911621845681369,7,-0.1088918277023723,0.0,13,-0.1827731348937174,0.0,0.0738813071913451,-0.0007468113644746692,-9.463283293368991e-05,-0.023846958217602673,-0.0031879997355407814,-0.016195503812533457,-0.0022513567797484407,0,-0.023846958217602673,-0.007720543790472286,False,False,False,True,exploratory
PPRC1,3,0.0192307692307692,-0.8224696821198761,-0.2334602403329885,0.3528112948591559,1,True,True,1.0,True,1.0,True,1.0,True,1.0,False,883,-0.478195697821554,0.4575311438278596,20,-0.4469597323099489,0.4,12,-0.4538635844352657,0.4166666666666667,859,-0.4797334740918363,0.459837019790454,0.0258698896565706,15,-0.4767786222617304,0.4,5,-0.3989539691075482,0.4,-0.0778246531541821,7,-0.3746503000915492,0.4285714285714285,13,-0.4767786222617304,0.3846153846153846,0.1021283221701812,-0.0006878834392013199,-9.467067688657412e-05,-0.01662650331106776,-0.002267265733648389,-0.024034909539156286,-0.0033258021541640375,0,-0.024034909539156286,-0.007839505809020727,False,False,False,True,exploratory
LAMC2,5,0.032051282051282,0.2676322870989285,0.1713478844179402,-0.0305350461424353,0,True,True,1.0,True,1.0,True,1.0,True,1.0,False,883,-0.0949636806267416,0.0033975084937712,20,-0.0825604425744134,0.0,12,-0.0649212668184892,0.0,859,-0.0963089780648172,0.0034924330616996,0.0313877112463279,15,-0.0452628069997624,0.0,5,-0.2152100152929148,0.0,0.1699472082931524,7,-0.1405562947142274,0.0,13,-0.0452628069997624,0.0,-0.095293487714465,-0.0003910668616567368,-3.8849909071379e-05,-0.008799860531375266,-0.00100403584374482,-0.024309369965582278,-0.002755593429253531,0,-0.024309369965582278,-0.006216462756780668,False,False,False,False,exploratory
ABCB1,3,0.0192307692307692,0.5898962231666838,-0.239952397105183,-0.2678838357197859,1,True,True,1.0,True,1.0,True,1.0,True,1.0,False,883,-0.0894033657576436,0.0033975084937712,20,-0.0751037481640016,0.0,12,-0.0677294070030155,0.0,859,-0.0896259339103865,0.0034924330616996,0.0218965269073709,15,-0.0614253647010629,0.0,5,-0.144729561544037,0.0,0.083304196842974,7,-0.1061124246604132,0.0,13,-0.0740334493049682,0.0,-0.0320789753554449,-0.00047148376061879627,-5.950211677678149e-05,-0.024806798426178653,-0.003315361041375205,-0.02303886945681419,-0.0032046120016948074,0,-0.024806798426178653,-0.009149437800576405,False,False,False,True,exploratory
IGF2R,3,0.0192307692307692,-0.130786678458898,0.967598950335724,0.1842608397555362,1,True,True,1.0,True,1.0,True,1.0,True,1.0,False,883,0.0775051434162466,0.0,20,0.056700887037197,0.0,12,0.056700887037197,0.0,859,0.0781250323684733,0.0,-0.0214241453312762,15,0.0453285858843959,0.0,5,0.1314206139171564,0.0,-0.0860920280327605,7,-0.0030469885903737,0.0,13,0.0680731881899982,0.0,-0.0711201767803719,-8.708359269127535e-05,-3.550076641917931e-06,-0.018127132865462716,-0.0020780534144660416,-0.02489575534510203,-0.003009538209163643,0,-0.02489575534510203,-0.008033518917254604,False,False,False,True,exploratory
ANK3,5,0.032051282051282,0.2407064610050021,0.3924762093916861,0.3698785470098286,0,True,True,1.0,True,1.0,True,1.0,True,1.0,False,883,-0.0897983130684986,0.0,20,-0.0738869552829096,0.0,12,-0.0852955266565582,0.0,859,-0.0905648741131004,0.0,0.0052693474565421,15,-0.0738804533674231,0.0,5,-0.0966975961147203,0.0,0.0228171427472971,7,-0.0966975961147203,0.0,13,-0.0708316254935226,0.0,-0.0258659706211977,-0.0010913134691701255,-0.00011982491736934162,-0.025058976928123276,-0.0031743745655469263,-0.0005046963096003564,-0.00015461569449544497,0,-0.025058976928123276,-0.005017300314050912,False,False,False,False,exploratory
APC,4,0.0256410256410256,0.0053182587873178,-0.27000305614301,0.2449668598113926,0,True,True,1.0,True,1.0,True,1.0,True,1.0,False,883,-0.3178249262010235,0.1993204983012457,20,-0.2735854389007478,0.1,12,-0.3158063061378867,0.0833333333333333,859,-0.3183160952119459,0.2013969732246798,0.0025097890740592,15,-0.2673050560155688,0.1333333333333333,5,-0.4040548855315409,0.0,0.1367498295159721,7,-0.3517467904898465,0.0,13,-0.2673050560155688,0.1538461538461538,-0.0844417344742776,-0.00043285299993247174,-5.401789165948311e-05,-0.016792544592366794,-0.002224197607379862,-0.025073194669357812,-0.0034389956713754373,0,-0.025073194669357812,-0.00800263390534531,False,False,False,False,exploratory
TRIM23,3,0.0192307692307692,-0.4292612111546912,1.1934623343351456,-0.567633577453232,2,True,True,1.0,True,1.0,True,1.0,True,1.0,False,883,-0.0737124675081668,0.001132502831257,20,-0.0290438594122849,0.0,12,-0.0365814976414194,0.0,859,-0.0741471384014915,0.0011641443538998,0.037565640760072,15,-0.0335764717867916,0.0,5,-0.0128083493652103,0.0,-0.0207681224215813,7,-0.0335764717867916,0.0,13,-0.0245112470377782,0.0,-0.0090652247490134,-0.00044722601339235293,-4.144183473349971e-05,-0.01681127691470365,-0.0013536268803982056,-0.025153245521515783,-0.0026152182676038977,0,-0.025153245521515783,-0.007737005905391232,False,False,False,True,exploratory
RNF14,3,0.0192307692307692,-0.7265136050017998,0.6400209879116409,-0.6836220374363918,3,True,True,1.0,True,1.0,True,1.0,True,1.0,False,883,-0.0663966104110933,0.0079275198187995,20,-0.0709446832040904,0.0,12,-0.1190619209157464,0.0,859,-0.0662886838194504,0.0081490104772991,-0.052773237096296,15,-0.076655778346889,0.0,5,0.029119199589397,0.0,-0.105774977936286,7,-0.113596806563768,0.0,13,-0.0652335880612919,0.0,-0.0483632185024761,-0.0006671039942156969,-8.353908606420913e-05,-0.025217150932416364,-0.003253451166043122,-0.013787291902322446,-0.001316388394015782,0,-0.025217150932416364,-0.007387487579179603,False,False,False,True,exploratory
NPAS4,4,0.0256410256410256,-0.7769308769428441,0.2947658776907989,-0.145601608029595,1,True,True,1.0,True,1.0,True,1.0,True,1.0,False,883,-0.1459666606371732,0.0260475651189127,20,-0.0885372437515431,0.0,12,-0.076446836724166,0.0,859,-0.1466307009869597,0.0267753201396973,0.0701838642627937,15,-0.092529617978673,0.0,5,-0.0845448695244132,0.0,-0.0079847484542597,7,-0.0685498248993011,0.0,13,-0.092529617978673,0.0,0.0239797930793718,-0.0006578973956292767,-8.480162017841276e-05,-0.017711511523431422,-0.0022902119131086203,-0.025335897780928353,-0.003307057537055742,0,-0.025335897780928353,-0.008231229628388638,False,False,False,True,exploratory
EPB41L3,3,0.0192307692307692,-0.314175921477743,-0.4712258000652144,-0.513315684933412,1,True,True,1.0,True,1.0,True,1.0,True,1.0,False,883,0.0788070986450257,0.0,20,0.066767501515112,0.0,12,0.0464311730942606,0.0,859,0.0785243509136954,0.0,-0.0320931778194348,15,0.0514829830145092,0.0,5,0.0910945257683004,0.0,-0.0396115427537912,7,0.0820520200157148,0.0,13,0.0466787289515668,0.0,0.0353732910641479,-0.0005063140351298786,-6.058540633268478e-05,-0.019136996247653405,-0.0026886011353706514,-0.025646390577657684,-0.0034844233838353406,0,-0.025646390577657684,-0.008587218464329941,False,False,False,True,exploratory
MAP3K4,7,0.0448717948717948,0.0508462868974362,0.1646159793002857,0.2647225096361279,0,True,True,1.0,True,1.0,True,1.0,True,1.0,False,883,0.0027429258829383,0.0045300113250283,20,0.0078587819831748,0.0,12,0.02247951980977,0.0,859,0.0028432649510407,0.0046565774155995,0.0196362548587293,15,-0.0156340221897316,0.0,5,0.1086960402368349,0.0,-0.1243300624265665,7,0.0170016452973962,0.0,13,0.0022221884054628,0.0,0.0147794568919334,-0.0008941429488814532,-0.00010820847529759848,-0.02012261662305076,-0.0026788382827665097,-0.025778786105304922,-0.0033634413695553017,0,-0.025778786105304922,-0.008824338967476092,False,False,False,False,exploratory
ANK2,3,0.0192307692307692,0.3552851329061649,0.025195631975334,-0.3348650570773744,0,True,True,1.0,True,1.0,True,1.0,True,1.0,False,883,0.0126514966715777,0.0,20,0.0160332765132692,0.0,12,-0.0299519631652642,0.0,859,0.0136273686148498,0.0,-0.043579331780114,15,0.0200077174506609,0.0,5,0.0120588355758775,0.0,0.0079488818747833,7,0.004464019133492,0.0,13,0.0260295307368222,0.0,-0.0215655116033302,-0.00013110514206565835,-3.3677613334348224e-05,-0.02061741307627144,-0.0029774496925281126,-0.025899879630697446,-0.003752869763258661,0,-0.025899879630697446,-0.008902065819692611,False,False,False,False,exploratory
CUBN,6,0.0384615384615384,-0.8331438292230277,1.0011821311452889,0.0726132780370953,2,True,True,1.0,True,1.0,True,1.0,True,1.0,False,883,0.0132391174278575,0.0,20,-0.0072613680882486,0.0,12,-0.0037457898220871,0.0,859,0.0143070424224302,0.0,-0.0180528322445173,15,-0.008883040918566,0.0,5,0.1082824870975984,0.0,-0.1171655280161644,7,-0.0138900138336046,0.0,13,0.0004778922783884,0.0,-0.014367906111993,-0.0005166189915376344,-6.1304800688052e-05,-0.015760427053171915,-0.0017212524345479989,-0.02659530124606298,-0.003137360717516737,0,-0.02659530124606298,-0.007965377540587553,False,False,False,True,exploratory
NCOA3,4,0.0256410256410256,0.830249428916856,-0.2100042952422496,-0.2325853663310521,1,True,True,1.0,True,1.0,True,1.0,True,1.0,False,883,-0.1315128679456872,0.0045300113250283,20,-0.1918498666210311,0.0,12,-0.1918498666210311,0.0,859,-0.1310719317128431,0.0046565774155995,-0.060777934908188,15,-0.1813859263625186,0.0,5,-0.2049654731988746,0.0,0.0235795468363559,7,-0.1805821273318705,0.0,13,-0.2049654731988746,0.0,0.024383345867004,-0.0003849037735934278,-4.095427729762903e-05,-0.013804548919818934,-0.0016753081832065156,-0.026634900314989225,-0.0030615230782971986,0,-0.026634900314989225,-0.007600356424533821,False,False,False,True,exploratory
RAPGEF2,3,0.0192307692307692,0.5370338584641337,0.3542870329065835,0.435944024338776,1,True,True,1.0,True,1.0,True,1.0,True,1.0,False,883,0.0212050798471973,0.0033975084937712,20,-0.0016604662740776,0.0,12,0.0074494523852571,0.0,859,0.0223474422150843,0.0034924330616996,-0.0148979898298271,15,-0.0013673395174142,0.0,5,-0.001953593030741,0.0,0.0005862535133268,7,-0.0031505398477555,0.0,13,-0.0013673395174142,0.0,-0.0017832003303412,-0.0012459389144691502,-0.00015821395979254282,-0.026945498859178837,-0.0035077094625555042,-0.023192444142107336,-0.003106550153602413,0,-0.026945498859178837,-0.009692725915284297,False,False,False,True,exploratory
ITPR2,5,0.032051282051282,0.1188205398186712,-0.0470318867765508,0.3070030377804136,0,True,True,1.0,True,1.0,True,1.0,True,1.0,False,883,-0.0785423567346331,0.0033975084937712,20,-0.0575375788257272,0.0,12,-0.0526925683423806,0.0,859,-0.0786514401792675,0.0034924330616996,0.0259588718368868,15,-0.0266773000289903,0.0,5,-0.1445618304388469,0.0,0.1178845304098566,7,-0.0694314058213217,0.0,13,-0.0456437518301327,0.0,-0.023787653991189,-0.000175302397840006,-2.0112922734664268e-05,-0.010143316769801956,-0.0015029313600188126,-0.027077217205001718,-0.003273392681334094,0,-0.027077217205001718,-0.007032045556121875,False,False,False,False,exploratory
FBLN1,3,0.0192307692307692,0.0529308382655064,-0.4321025384174971,0.8558277422641913,1,True,True,1.0,True,1.0,True,1.0,True,1.0,False,883,-0.0046248094408984,0.0,20,-0.0048353091265224,0.0,12,-0.0048353091265224,0.0,859,-0.0046669269606118,0.0,-0.0001683821659106,15,-0.0546068379500487,0.0,5,0.0088831312304285,0.0,-0.0634899691804772,7,0.0307279704205837,0.0,13,-0.0546068379500487,0.0,0.0853348083706324,-0.0005803547050311432,-6.951481556452284e-05,-0.012220254439747376,-0.0014428336472620848,-0.02819535502335524,-0.0034328211112797198,0,-0.02819535502335524,-0.007656855623706681,False,False,False,True,exploratory
LRP1B,7,0.0448717948717948,0.0722648937224104,0.5741851301175068,0.1165428963665027,1,True,True,1.0,True,1.0,True,1.0,True,1.0,False,883,-0.1332600955371054,0.015855039637599,20,-0.1265457043338363,0.0,12,-0.1357803344276121,0.0,859,-0.1342793185749376,0.0162980209545983,-0.0015010158526745,15,-0.0919564066885679,0.0,5,-0.2552587479489633,0.0,0.1633023412603954,7,-0.1311971383885271,0.0,13,-0.1218942702791457,0.0,-0.0093028681093813,-0.0005505557390999039,-5.453380466174774e-05,-0.01660957557988895,-0.0019466234372103393,-0.028835261000950525,-0.0035995879174669514,0,-0.028835261000950525,-0.008599356246546402,False,False,False,True,exploratory
MYH11,3,0.0192307692307692,-0.9668252197057764,0.1123767500105641,-0.3088404211947174,1,True,True,1.0,True,1.0,True,1.0,True,1.0,False,883,0.0244556337186569,0.0045300113250283,20,-0.0224487649353633,0.0,12,-0.0622431274479849,0.0,859,0.0252368615706154,0.0046565774155995,-0.0874799890186003,15,-0.0287593087524406,0.0,5,-0.009372532187862,0.0,-0.0193867765645786,7,-0.050885185125049,0.0,13,-0.009372532187862,0.0,-0.041512652937187,-0.00020116991868684333,-2.1212312202917042e-05,-0.015936884954001283,-0.0018415217138266415,-0.028943513332987298,-0.0033607329422670877,0,-0.028943513332987298,-0.008384172528995345,False,False,False,True,exploratory
KCNG4,3,0.0192307692307692,0.0697572650808909,0.4711912431355364,2.031524611529571,1,True,True,1.0,True,1.0,True,1.0,True,1.0,False,883,-0.008145992741462,0.0,20,-0.0064170603015494,0.0,12,-0.0064170603015494,0.0,859,-0.008145992741462,0.0,0.0017289324399126,15,-0.028292818799264,0.0,5,0.0219966287623443,0.0,-0.0502894475616083,7,0.0219966287623443,0.0,13,-0.028292818799264,0.0,0.0502894475616083,-0.0010360981705860273,-0.00011903368525200551,-0.029041898027572392,-0.003306871945949452,-0.018472878006364154,-0.0019920936047806825,0,-0.029041898027572392,-0.008994812240084119,False,False,False,True,exploratory
MICAL2,3,0.0192307692307692,-1.0157023283027826,-0.4243748456937191,0.7626262724312466,2,True,True,1.0,True,1.0,True,1.0,True,1.0,False,883,0.0412445517176578,0.0,20,0.0422690158781268,0.0,12,0.0484650436811289,0.0,859,0.0408700804889951,0.0,0.0075949631921338,15,0.0620954538518655,0.0,5,0.010492109758863,0.0,0.0516033440930025,7,0.010492109758863,0.0,13,0.0620954538518655,0.0,-0.0516033440930025,-0.0006230970536792112,-6.840038502687278e-05,-0.029242880619670644,-0.003813694696206136,-0.0016971658858219814,-0.00012683741961474774,0,-0.029242880619670644,-0.005928679343336599,False,False,False,True,exploratory
DCAF11,4,0.0256410256410256,0.6836780871538461,0.2575027778336931,0.640730034096233,2,True,True,1.0,True,1.0,True,1.0,True,1.0,False,883,-0.0400678184508716,0.0022650056625141,20,-0.0218111229641404,0.0,12,-0.0362079477073883,0.0,859,-0.0404856207133596,0.0023282887077997,0.0042776730059713,15,-0.0026091232023094,0.0,5,-0.1185263497693735,0.0,0.1159172265670641,7,-0.0026091232023094,0.0,13,-0.027104345760459,0.0,0.0244952225581496,-0.0006826444536320568,-8.45682361870129e-05,-0.030079089940846543,-0.0039248782568251425,-0.02321101721924326,-0.002819498491864842,0,-0.030079089940846543,-0.010133616099766476,False,False,False,True,exploratory
CELSR1,3,0.0192307692307692,-1.2132018487677356,1.6177161497254038,-1.072035135574049,3,True,True,1.0,True,1.0,True,1.0,True,1.0,False,883,0.1110429947494101,0.0,20,0.115883470436976,0.0,12,0.1215294354816625,0.0,859,0.1107753359719962,0.0,0.0107540995096663,15,0.1147911950922101,0.0,5,0.121501224511071,0.0,-0.0067100294188608,7,0.1147911950922101,0.0,13,0.1169757457817419,0.0,-0.0021845506895318,-0.000814475724997294,-9.795229402011026e-05,-0.026634094925606703,-0.0032029924431855312,-0.030981487640415167,-0.003887079885097757,0,-0.030981487640415167,-0.010936347152220428,False,False,False,True,exploratory
NMT2,5,0.032051282051282,-0.0587990398316894,-0.6131131592511863,-0.7760197579228616,2,True,True,1.0,True,1.0,True,1.0,True,1.0,False,883,0.153423989286551,0.0,20,0.1539748587348392,0.0,12,0.1539748587348392,0.0,859,0.1542275411253988,0.0,-0.0002526823905595,15,0.1395252463120411,0.0,5,0.1616779338199914,0.0,-0.0221526875079502,7,0.1476336026378334,0.0,13,0.1616779338199914,0.0,-0.014044331182158,-0.0010277551197936468,-0.00013192893283304463,-0.02593974626545008,-0.0033867815193353015,-0.03158280453823158,-0.0041974109730326635,0,-0.03158280453823158,-0.011044404558112722,False,False,False,True,exploratory
FERMT1,3,0.0192307692307692,-0.5064431105263131,0.5992961534481287,-0.1933294020469251,2,True,True,1.0,True,1.0,True,1.0,True,1.0,False,883,-0.0180296887294976,0.0305775764439411,20,-0.0346841983743661,0.0,12,-0.0191612185256249,0.0,859,-0.0180296887294976,0.0314318975552968,-0.0011315297961273,15,-0.0421484396386746,0.0,5,0.0669285718512595,0.0,-0.1090770114899341,7,-0.0323297544311658,0.0,13,-0.0421484396386746,0.0,0.0098186852075088,-0.00017831247859371395,-1.6009218375461664e-05,-0.02038291669061036,-0.0024979849903208886,-0.031705380089212615,-0.003975746735520458,0,-0.031705380089212615,-0.00979272503377225,False,False,False,True,exploratory
RALGAPA1,6,0.0384615384615384,-0.8403645809111364,-0.414935734589595,-0.3198126147915257,1,True,True,1.0,True,1.0,True,1.0,True,1.0,False,883,-0.0840445354259406,0.0090600226500566,20,-0.0598445961695301,0.0,12,-0.0832087616537325,0.0,859,-0.084862494855928,0.009313154831199,0.0016537332021954,15,-0.0885659269212277,0.0,5,0.0124799899943863,0.0,-0.1010459169156139,7,-0.0694812679926058,0.0,13,-0.0502079243464544,0.0,-0.0192733436461514,-0.0001366008042588108,-1.627470298309859e-05,-0.01339198597136189,-0.0019195740782733002,-0.03196132318405415,-0.00426126520211935,0,-0.03196132318405415,-0.008614503990508433,False,False,False,True,exploratory
ZMYM2,3,0.0192307692307692,-0.5994059185499466,-0.1172453386983555,-0.0523490458046306,1,True,True,1.0,True,1.0,True,1.0,True,1.0,False,883,-0.1437027751050897,0.0090600226500566,20,-0.1672301146578152,0.0,12,-0.0992245644209807,0.0,859,-0.1436003389646994,0.009313154831199,0.0443757745437187,15,-0.162689963463967,0.0,5,-0.1905127314940428,0.0,0.0278227680300758,7,-0.1277813946690572,0.0,13,-0.1866407449272752,0.0,0.058859350258218,-0.0010694670472425538,-0.00013188332813301583,-0.01928503211722061,-0.002655175439383816,-0.03279479242164755,-0.004472455708559719,0,-0.03279479242164755,-0.010068134343697877,False,False,False,True,exploratory
SYNJ1,3,0.0192307692307692,-0.4586226011485225,-1.4028144328023708,-0.6083028528438922,2,True,True,1.0,True,1.0,True,1.0,True,1.0,False,883,0.104970519711089,0.0022650056625141,20,0.1034304858680973,0.0,12,0.107265124837289,0.0,859,0.1051708485342897,0.0023282887077997,0.0020942763029993,15,0.1028698786645636,0.0,5,0.1460689545044672,0.0,-0.0431990758399035,7,0.1288124184616147,0.0,13,0.0863303825960492,0.0,0.0424820358655655,-0.0006990429409904602,-8.567645815366374e-05,-0.03334529885036941,-0.004116355523845792,-0.02829211853242692,-0.0032210334363010494,0,-0.03334529885036941,-0.011626587623681213,False,False,False,True,exploratory
HPS5,3,0.0192307692307692,0.7642727520027812,0.7876009229485247,-0.1021436704335107,2,True,True,1.0,True,1.0,True,1.0,True,1.0,False,883,-0.0115849602069149,0.0,20,-0.0049233996491431,0.0,12,-0.0229593412770952,0.0,859,-0.0115849602069149,0.0,-0.0113743810701802,15,0.0093157821346419,0.0,5,-0.0258772482175241,0.0,0.035193030352166,7,0.07610281037735,0.0,13,-0.0258772482175241,0.0,0.1019800585948741,-0.0013701867613416302,-0.00018728196144185134,-0.03532537217132816,-0.005043670797523397,-0.02905472439710944,-0.003760887856927967,0,-0.03532537217132816,-0.012457020657612073,False,False,False,True,exploratory
LAMA4,3,0.0192307692307692,-0.211344346868612,0.6326680949580631,0.1477086301913063,1,True,True,1.0,True,1.0,True,1.0,True,1.0,False,883,0.0509728854514948,0.0,20,0.064414286512662,0.0,12,0.0758564231297639,0.0,859,0.0509728854514948,0.0,0.0248835376782691,15,0.0723884766790282,0.0,5,0.0538898173334603,0.0,0.0184986593455679,7,0.0793243695804997,0.0,13,0.0564400963462959,0.0,0.0228842732342038,-0.00038371594432242534,-4.797875310090412e-05,-0.025208636812659016,-0.0032306692852479713,-0.03594678496426876,-0.004545764256561403,0,-0.03594678496426876,-0.011560591669360078,False,False,False,True,exploratory
SLC6A3,3,0.0192307692307692,-0.6744388126809141,0.6076881397567482,0.1116131190009098,2,True,True,1.0,True,1.0,True,1.0,True,1.0,False,883,0.0816230750326152,0.001132502831257,20,0.0925356715506997,0.0,12,0.0677790004615638,0.0,859,0.0808606984595206,0.0011641443538998,-0.0130816979979567,15,0.1128103691386961,0.0,5,0.0722609739627033,0.0,0.0405493951759928,7,0.068904274593775,0.0,13,0.1213227580692825,0.0,-0.0524184834755074,-0.00046766666806040267,-5.406649853663754e-05,-0.02504312570938725,-0.0027845243237172835,-0.03649065030049381,-0.004324311585690681,0,-0.03649065030049381,-0.011527390847647678,False,False,False,True,exploratory
COL2A1,3,0.0192307692307692,-0.2667076260849614,-0.1018708859584359,-0.920015643521922,1,True,True,1.0,True,1.0,True,1.0,True,1.0,False,883,-0.0786097309269119,0.001132502831257,20,-0.1053396891706283,0.0,12,-0.1138175118844749,0.0,859,-0.0778491672869148,0.0011641443538998,-0.0359683445975601,15,-0.0813281618319132,0.0,5,-0.1069656001730524,0.0,0.0256374383411392,7,-0.1097704016695538,0.0,13,-0.0813281618319132,0.0,-0.0284422398376406,-0.00041137452576561637,-3.9890026361396355e-05,-0.019109192757760966,-0.0019266830681140866,-0.03668168482607127,-0.003659570651189649,0,-0.03668168482607127,-0.010304732642543831,False,False,False,True,exploratory
SOX5,3,0.0192307692307692,0.1444845002077069,0.1247471137316524,-0.3853118607886319,0,True,True,1.0,True,1.0,True,1.0,True,1.0,False,883,-0.0551191358291503,0.0090600226500566,20,-0.0630337124886442,0.0,12,-0.0278730745034953,0.0,859,-0.0558747811692458,0.009313154831199,0.0280017066657505,15,-0.0505723639084291,0.0,5,-0.0754950610688593,0.0,0.0249226971604301,7,-0.0754950610688593,0.0,13,-0.0505723639084291,0.0,-0.0249226971604301,-0.0007603207060685285,-9.171022850160628e-05,-0.022872098449402703,-0.0028740011675062105,-0.03675073279512758,-0.0045958079576027405,0,-0.03675073279512758,-0.011324111884034897,False,False,False,False,exploratory
MYOM1,3,0.0192307692307692,-0.1391718176941389,0.6121101201334672,0.1373336561962573,1,True,True,1.0,True,1.0,True,1.0,True,1.0,False,883,0.1233756730757606,0.0,20,0.1381294804529392,0.0,12,0.1263639280341011,0.0,859,0.1225164440942803,0.0,0.0038474839398208,15,0.1293521829924417,0.0,5,0.1573725989978613,0.0,-0.0280204160054196,7,0.1226291435625392,0.0,13,0.1566252354271384,0.0,-0.0339960918645992,-0.0008963628169982846,-9.812714769151251e-05,-0.02575285677493352,-0.003043144243019283,-0.03683488893364662,-0.004194313874376691,0,-0.03683488893364662,-0.011803282298444318,False,False,False,True,exploratory
MYO16,7,0.0448717948717948,-0.448488820787834,0.2912095729545532,-1.3294789759361123,1,True,True,1.0,True,1.0,True,1.0,True,1.0,False,883,0.018068896690726,0.0,20,0.0097778062480699,0.0,12,-0.0232218264538575,0.0,859,0.018068896690726,0.0,-0.0412907231445835,15,-0.0096628633310021,0.0,5,0.0597000574950171,0.0,-0.0693629208260191,7,0.0617764036890401,0.0,13,0.0003980060440841,0.0,0.061378397644956,-0.0006089404142125667,-6.900333058433615e-05,-0.034357345252241496,-0.004184015582537387,-0.04836435822970979,-0.005552199445690662,0,-0.04836435822970979,-0.015522643709162705,False,False,False,True,exploratory
USH2A,4,0.0256410256410256,0.4769747989379767,-0.479259093837727,0.4566020263773374,0,True,True,1.0,True,1.0,True,1.0,True,1.0,False,883,0.0291908248627923,0.001132502831257,20,0.0254964422253812,0.0,12,0.001081736633182,0.0,859,0.0291908248627923,0.0011641443538998,-0.0281090882296103,15,0.0206719698628067,0.0,5,0.0303209145879559,0.0,-0.0096489447251492,7,0.0206719698628067,0.0,13,0.0365803210721072,0.0,-0.0159083512093005,-3.572414811368451e-05,-2.5329773712693368e-05,-0.016651310410709372,-0.0030932785207129355,-0.05027071516849024,-0.006944103815042112,0,-0.05027071516849024,-0.012836743639463506,False,False,False,False,exploratory
RYR2,4,0.0256410256410256,0.0488202027349817,1.325357764768987,-0.1608672558964396,1,True,True,1.0,True,1.0,True,1.0,True,1.0,False,883,0.0134871049099879,0.0,20,0.0094322437530443,0.0,12,0.0500193764468422,0.0,859,0.0134871049099879,0.0,0.0365322715368543,15,0.0023699757347355,0.0,5,0.1105259766980209,0.0,-0.1081560009632854,7,0.0956592922456734,0.0,13,-0.0299498811437846,0.0,0.125609173389458,-0.0008043724685208195,-6.707303522283425e-05,-0.020612311435573145,-0.0016345018758157721,-0.05554712327297127,-0.006216703927215987,0,-0.05554712327297127,-0.014147014335886637,False,False,False,True,exploratory
AKAP9,5,0.032051282051282,0.5507840149372235,-0.0308218159253461,0.5948874183165537,2,True,True,1.0,True,1.0,True,1.0,True,1.0,False,883,-0.0719447661146415,0.0,20,-0.0426756117194482,0.0,12,-0.0178890938656581,0.0,859,-0.0719447661146415,0.0,0.0540556722489833,15,-0.0543063110433662,0.0,5,0.020039908867661,0.0,-0.0743462199110272,7,-0.0194183084439843,0.0,13,-0.155164920861853,0.0,0.1357466124178687,-0.001436207530842079,-0.0001618363108010884,-0.037070960501338776,-0.004285256188707158,-0.05679547366854172,-0.006602547157936594,0,-0.05679547366854172,-0.017725380226361234,False,False,False,True,exploratory
KMT2A,3,0.0192307692307692,0.2236417008837439,-0.979257049652174,-0.5482580325358052,2,True,True,1.0,True,1.0,True,1.0,True,1.0,False,883,-0.1009869080651543,0.0600226500566251,20,-0.1715360581638428,0.05,12,-0.1574683812871125,0.0,859,-0.0993883877179066,0.059371362048894,-0.0580799935692059,15,-0.1494755096655055,0.0666666666666666,5,-0.1992583106739649,0.0,0.0497828010084594,7,-0.1494755096655055,0.0,13,-0.1992583106739649,0.0769230769230769,0.0497828010084594,-0.000922055007822908,-0.00010404841538105658,-0.03458113877856412,-0.0043082127255538805,-0.06062080221473974,-0.007791689937076889,0,-0.06062080221473974,-0.0180546578465231,False,False,False,True,exploratory
NOS1,5,0.032051282051282,0.2577538398360091,0.0537625776620755,-0.0074851636542001,0,True,True,1.0,True,1.0,True,1.0,True,1.0,False,883,-0.1462228199097135,0.001132502831257,20,-0.1889603046211603,0.0,12,-0.1706169588362163,0.0,859,-0.1458071399937847,0.0011641443538998,-0.0248098188424316,15,-0.1821248795820756,0.0,5,-0.2081931132445416,0.0,0.0260682336624659,7,-0.2081931132445416,0.0,13,-0.1821248795820756,0.0,-0.0260682336624659,-0.0013213442108774855,-0.00013951213375078551,-0.046573616862088024,-0.0049614293933783835,-0.08420760995153276,-0.010123297861446051,0,-0.08420760995153276,-0.024554468402178915,False,False,False,False,exploratory
OPRM1,3,0.0192307692307692,3.8420384415833393,0.3245031194902907,0.1287424070774548,1,True,True,1.0,True,1.0,True,1.0,True,1.0,False,883,0.0471480795677899,0.0,20,0.0369502531527197,0.0,12,0.0222764729674324,0.0,859,0.0475364884668183,0.0,-0.0252600154993859,15,0.0403181406660213,0.0,5,0.0109705802954466,0.0,0.0293475603705747,7,0.0335823656394182,0.0,13,0.0403181406660213,0.0,-0.0067357750266031,-0.002582013427277165,-0.0002798773105430987,-0.10760013909677361,-0.011790441752491363,-0.03371070715684023,-0.004224341363334005,0,-0.10760013909677361,-0.026697920017876575,False,False,False,True,exploratory
PTPRT,4,0.0256410256410256,-0.8040250276184312,-0.3122674670545523,-1.0003431726001857,2,True,True,1.0,True,1.0,True,1.0,True,1.0,False,883,-0.0152872627121531,0.001132502831257,20,-0.0575642232090459,0.0,12,-0.0668418107139351,0.0,859,-0.0142118920006517,0.0011641443538998,-0.0526299187132834,15,-0.0494470144126065,0.0,5,-0.1113886545280566,0.0,0.0619416401154501,7,-0.0656814320054854,0.0,13,-0.0494470144126065,0.0,-0.0162344175928789,-0.0008956318756784186,-5.83947217577021e-05,-0.06208990888142592,-0.004911055812709054,-0.11485618796272956,-0.009577324503082518,0,-0.11485618796272956,-0.03206475062623053,False,False,False,True,exploratory
